ID,ExpertLevel,Complexity,30sTnterval,start_transition,Source,Target,Weight,trans_duration,head_rotation_amplitude,trans_amplitude,trans_velocity
003,1,1,300,301.0229,PB,2B,1,0.6967999999999961,69.30269468366902,,
003,1,1,300,302.6338,2B,2A,1,0.0333999999999719,0.8335473165447098,,
003,1,1,300,303.2047,2A,2B,1,0.7396999999999707,12.309300581203082,,
003,1,1,300,304.0775,2B,PB,1,0.49909999999999854,85.87695064262033,,
003,1,1,300,307.2212,PB,6A,1,0.8765999999999963,86.43957713589673,,
003,1,1,300,311.9517,6A,PB,1,0.7040999999999826,101.41124092833829,,
003,1,1,300,317.5804,PB,6A,1,0.9461000000000013,100.29469977505893,,
003,1,1,300,318.9594,6A,6B,1,0.0666999999999689,1.6435439364885758,,
003,1,1,300,319.2259,6B,2A,1,0.23349999999999227,17.787651700795198,,
003,1,1,300,319.9816,2A,2B,1,0.4329999999999927,2.8795500716167837,,
003,1,1,300,320.8147,2B,8A,1,0.066599999999994,2.5683199340841476,,
003,1,1,300,321.2365,8A,8B,1,0.033299999999997,0.8001033755949365,,
003,1,1,300,321.8034,8B,PB,1,0.5469999999999686,90.74538042577993,,
003,1,1,300,326.5839,PB,8A,1,0.5118999999999687,72.18433402863538,,
003,1,1,300,327.152,8A,8B,1,0.10560000000003811,3.428038189118345,,
003,1,1,300,327.4119,8B,5B,1,0.166499999999985,4.14408736367014,,
003,1,1,300,327.8783,5B,2B,1,0.03439999999994825,0.8773456504566539,,
003,1,1,300,328.4115,2B,2A,1,0.06680000000000064,1.9353155483072548,,
003,1,1,300,328.8445,2A,7A,1,0.0332000000000221,1.9204340757929188,,
003,1,1,300,328.9108,7A,PB,1,0.39929999999998245,55.52026960553873,,
