ID,ExpertLevel,Complexity,30sTnterval,start_transition,Source,Target,Weight,trans_duration,head_rotation_amplitude,trans_amplitude,trans_velocity
009,0,0,210,210.1541,5B,9A,1,0.39910000000000423,14.122589670234015,,
009,0,0,210,210.5868,9A,6A,1,0.09940000000000282,0.13209579425087725,,
009,0,0,210,210.8198,6A,8B,1,0.39920000000000755,7.195019334743573,,
009,0,0,210,211.2863,8B,5B,1,0.09959999999998104,3.038266758795139,,
009,0,0,210,211.4863,5B,2B,1,0.23320000000001073,4.080466351201304,,
009,0,0,210,211.7522,2B,8A,1,0.03330000000002542,0.31240464893429376,,
009,0,0,210,211.8523,8A,2B,1,0.033499999999975216,0.3322762892470017,,
009,0,0,210,212.2181,2B,PB,1,0.3329999999999984,69.14144817052964,,
009,0,0,210,214.683,PB,1A,1,0.40040000000001896,56.335258613897,,
009,0,0,210,215.2505,1A,4A,1,0.13269999999999982,7.336407758182865,,
009,0,0,210,215.5504,4A,4B,1,0.1331000000000131,6.507461497833027,,
009,0,0,210,215.75,4B,2A,1,0.1665999999999883,0.7756179931160325,,
009,0,0,210,215.9836,2A,5A,1,0.33279999999999177,3.246099031309292,,
009,0,0,210,216.3832,5A,2B,1,0.03450000000000841,0.2938310053165374,,
009,0,0,210,216.4831,2B,7A,1,0.1998999999999853,4.756503894239543,,
009,0,0,210,216.7163,7A,2A,1,0.06669999999999732,1.2806238044790739,,
009,0,0,210,216.8163,2A,7A,1,0.06639999999998736,0.6249016174913358,,
009,0,0,210,217.4493,7A,2B,1,0.10050000000001091,1.648916101465307,,
009,0,0,210,219.3823,5B,8A,1,0.09970000000001278,1.505822930403852,,
009,0,0,210,219.5157,8A,5B,1,0.03299999999998704,0.35030231876833895,,
009,0,0,210,220.0151,5B,8A,1,0.03300000000001546,1.45312215436644,,
009,0,0,210,220.0815,8A,6A,1,0.6670000000000016,24.402130617391006,,
009,0,0,210,221.2149,6A,PB,1,0.36529999999999063,82.69422582483085,,
009,0,0,210,224.803,PB,4A,1,0.4076000000000022,41.790409818560434,,
009,0,0,210,227.4561,2A,4A,1,0.10009999999999764,1.3949185177110728,,
009,0,0,210,228.7555,5B,2A,1,0.6995999999999754,27.50476201694016,,
009,0,0,210,230.3213,2A,1B,1,0.3001999999999896,9.06864839154062,,
009,0,0,210,231.2877,1B,PB,1,0.5324999999999989,44.350702657719964,,
009,0,0,210,234.799,PB,1B,1,0.5322999999999922,36.20172756793906,,
009,0,0,210,235.5102,1B,4B,1,0.47569999999998913,10.546694727832922,,
009,0,0,210,236.2194,4B,1B,1,0.06589999999999918,1.1217128028963756,,
009,0,0,210,236.7221,1B,2B,1,0.3324999999999818,10.892901621290719,,
009,0,0,210,237.5302,2B,5B,1,0.0327000000000055,0.7565207606087867,,
009,0,0,210,239.7959,5B,8A,1,0.06630000000001246,0.5680415608743914,,
