ID,ExpertLevel,Complexity,30sInterval,duration_start,Node,AOI_duration,clicked,pupil_diameter,click_duration?,distance_to_aoi,controller_direction(pointing)_angle,controller_duration_on_AOI,duration_time_until_first fixation
003,1,1,390,390.3941,PB,1.678100000000029,0,-0.1487493164544003,,,,,
003,1,1,390,392.5388,2B,0.4333000000000311,0,0.027444073817092855,,,,,
003,1,1,390,394.037,PB,2.3974000000000046,0,-0.29299279708922854,,,,,
003,1,1,390,396.7881,2B,0.2946000000000026,0,0.06403852766324672,,,,,
003,1,1,390,397.1155,5B,0.6000000000000227,0,0.15560992210769126,,,,,
003,1,1,390,397.7155,8B,1.667100000000005,1,0.3179823876632467,,,,,
003,1,1,390,400.4138,5B,0.16700000000003,0,0.3978740276632468,,,,,
003,1,1,390,401.2475,8B,1.165900000000022,0,0.36593191857233764,,,,,
003,1,1,390,404.0114,5B,0.1339000000000396,0,0.37739697766324687,,,,,
003,1,1,390,404.2448,8B,0.4003000000000156,0,0.42669493599658015,,,,,
003,1,1,390,404.7454,7B,0.2321999999999775,0,0.2143741562346754,,,,,
003,1,1,390,405.3762,PB,3.3421000000000163,0,-0.2759147793297603,,,,,
003,1,1,390,409.4095,5B,0.6007999999999925,0,0.010556033218802299,,,,,
003,1,1,390,410.0103,8B,0.2652000000000498,0,0.13503679016324677,,,,,
003,1,1,390,410.3754,2A,0.1336000000000012,0,0.42303760266324664,,,,,
003,1,1,390,411.007,PB,1.7062999999999988,0,-0.1764037868295068,,,,,
003,1,1,390,413.619,8A,0.1332999999999629,0,0.1831962276632466,,,,,
003,1,1,390,413.7523,5B,0.0670999999999821,0,0.1422932276632468,,,,,
003,1,1,390,413.8194,2B,0.4326000000000363,0,0.18930938150940058,,,,,
003,1,1,390,414.286,2A,0.3994000000000142,0,0.2516497693299134,,,,,
003,1,1,390,415.0181,PB,2.404800000000023,1,-0.07651209906942652,,,,,
003,1,1,390,418.0215,2B,0.050200000000018,0,0.19213222766324667,,,,,
003,1,1,390,418.5401,5B,0.2313000000000329,0,0.31041829909181823,,,,,
003,1,1,390,419.1711,4B,0.3669999999999618,0,0.2971203640268831,,,,,
003,1,1,390,419.5715,5B,0.3333999999999832,0,0.3123585276632467,,,,,
003,1,1,390,419.938,6A,0.3334000000000401,0,0.3196114776632466,,,,,
