ID,ExpertLevel,Complexity,30sInterval,duration_start,Node,AOI_duration,clicked,pupil_diameter,click_duration?,distance_to_aoi,controller_direction(pointing)_angle,controller_duration_on_AOI,duration_time_until_first fixation
003,1,0,210,210.2302,2B,0.3667000000000087,0,0.12474250039051943,,,,,
003,1,0,210,210.5969,2A,0.1998999999999853,0,0.27446872766324687,,,,,
003,1,0,210,210.8963,1B,0.1665000000000134,0,0.11794737052038957,,,,,
003,1,0,210,211.4304,5A,0.6655000000000086,0,-0.007922597336753257,,,,,
003,1,0,210,212.1297,5B,0.4659999999999797,0,0.22488087052038958,,,,,
003,1,0,210,212.5957,2B,0.068000000000012,0,0.2536099776632468,,,,,
003,1,0,210,212.6637,5A,0.0654999999999859,0,0.2267389776632467,,,,,
003,1,0,210,212.7292,2B,0.1665000000000134,0,0.23552212766324665,,,,,
003,1,0,210,213.5623,9B,0.3340000000000032,0,0.1566800276632467,,,,,
003,1,0,210,213.962,3A,0.1003000000000042,0,0.052514394329913415,,,,,
003,1,0,210,214.1285,6A,0.1672000000000082,0,0.07148412766324679,,,,,
003,1,0,210,214.3615,2B,0.3007000000000062,0,0.051745560996580134,,,,,
003,1,0,210,214.7282,1B,0.2662000000000262,0,0.05395341516324681,,,,,
003,1,0,210,215.2615,5B,0.3338999999999998,1,0.19688702766324678,,,,,
003,1,0,210,215.5954,8B,1.731599999999986,0,0.3367014199709391,,,,,
003,1,0,210,217.327,5B,0.066599999999994,0,0.32207622766324695,,,,,
003,1,0,210,217.3936,8B,0.101600000000019,0,0.31936256099658006,,,,,
003,1,0,210,217.4952,5B,0.7646999999999764,0,0.36381587983715985,,,,,
003,1,0,210,218.2599,8B,0.1335000000000263,0,0.5279228526632468,,,,,
003,1,0,210,218.8268,5B,0.9655999999999948,0,0.3966340207666951,,,,,
003,1,0,210,220.1927,2A,0.066299999999984,0,0.19950622766324677,,,,,
003,1,0,210,220.8582,PB,3.254499999999979,0,-0.24587691406210535,,,,,
003,1,0,210,235.8633,2B,0.0672999999999888,0,-0.2356097723367533,,,,,
003,1,0,210,235.9306,5B,0.299900000000008,0,-0.1265372167811977,,,,,
003,1,0,210,236.529,PB,3.4983000000000004,0,-0.4203030757850292,,,,,
