ID,ExpertLevel,Complexity,30sTnterval,start_transition,Source,Target,Weight,trans_duration,head_rotation_amplitude,trans_amplitude,trans_velocity
005,1,1,180,180.0771,5B,8B,1,0.1004000000000076,0.22818195079390335,,
005,1,1,180,180.2106,8B,5A,1,0.09950000000000614,0.7843678819199127,,
005,1,1,180,181.0104,5A,4B,1,0.09960000000000946,2.474712810496861,,
005,1,1,180,181.7766,4B,PB,1,0.5648999999999944,99.0656643278809,,
005,1,1,180,191.0837,PB,7B,1,0.8222000000000094,110.32619381059446,,
005,1,1,180,192.0389,7B,4B,1,0.033299999999997,0.3545620515882022,,
005,1,1,180,192.1056,4B,7B,1,0.16639999999998167,0.616617520241852,,
005,1,1,180,192.3056,7B,4B,1,0.03290000000001214,0.043223933026551364,,
005,1,1,180,192.4383,4B,7B,1,0.09979999999998768,0.5103243651261486,,
005,1,1,180,192.7718,7B,4B,1,0.7329999999999757,0.9941522099783855,,
005,1,1,180,193.705,4B,4A,1,0.19939999999999714,4.34721042147395,,
005,1,1,180,193.9376,4A,4B,1,0.03340000000000032,0.5635726910842838,,
005,1,1,180,194.0043,4B,7B,1,0.2331000000000074,2.524629876138281,,
005,1,1,180,194.7374,7B,8B,1,0.39979999999999905,9.961014299171651,,
005,1,1,180,195.2048,8B,5A,1,0.03260000000000218,1.6466486451523252,,
005,1,1,180,195.3039,5A,8B,1,0.03350000000000364,1.4759885316671983,,
005,1,1,180,199.0235,PB,5A,1,0.7784999999999798,105.99655225708008,,
005,1,1,180,200.5024,5A,4B,1,0.06620000000000914,1.9284751274743641,,
005,1,1,180,201.0236,4B,7B,1,0.03290000000001214,0.3343077539499295,,
005,1,1,180,202.1226,7B,4B,1,0.033699999999981856,0.09349264813464997,,
005,1,1,180,202.5226,4B,7B,1,0.033499999999975216,0.03325873473074614,,
005,1,1,180,204.2888,7B,4B,1,0.03350000000000364,0.17781797641239372,,
005,1,1,180,204.3557,4B,7B,1,0.0993999999999744,1.2901138316555811,,
005,1,1,180,205.1217,7B,PB,1,0.7983999999999867,114.72902197610738,,
005,1,1,180,207.9085,PB,6A,1,0.3155999999999892,66.21412401479964,,
005,1,1,180,208.2419,6A,5A,1,0.4013000000000204,38.04541527262074,,
005,1,1,180,209.0096,5A,4B,1,0.09899999999998954,1.7410345762454025,,
005,1,1,180,209.509,4B,7B,1,0.0327000000000055,0.32853865410450567,,
005,1,1,180,209.5755,7B,4B,1,0.03319999999999368,0.031086331571115622,,
