ID,ExpertLevel,Complexity,30sTnterval,start_transition,Source,Target,Weight,trans_duration,head_rotation_amplitude,trans_amplitude,trans_velocity
004,0,0,0,2.244036,1B,2A,1,0.3113079999999999,16.994580445628298,,
004,0,0,0,2.621826,2A,3A,1,0.3325770000000001,26.343434360161737,,
004,0,0,0,3.25456,3A,3B,1,0.09994399999999981,5.547844008471817,,
004,0,0,0,7.153206,1A,1B,1,0.035368000000000066,1.1800966478130022,,
004,0,0,0,7.38578,1B,4B,1,0.23341000000000012,5.8319539731608785,,
004,0,0,0,7.852352,4B,2A,1,0.39934200000000075,0.9198891711827457,,
004,0,0,0,8.652369,2A,2B,1,0.6334990000000005,13.8026128697006,,
004,0,0,0,9.318403,2B,6A,1,0.5000979999999995,22.61778980480402,,
004,0,0,0,10.0515,6A,3A,1,0.03354999999999997,0.9122345071638978,,
004,0,0,0,10.25138,3A,5B,1,0.534040000000001,11.713728787538644,,
004,0,0,0,11.25204,5B,9A,1,0.1664000000000012,3.4120068868038373,,
004,0,0,0,11.51832,9A,6A,1,0.03318000000000154,0.5835282411999998,,
004,0,0,0,11.58542,6A,9A,1,0.03295000000000137,0.06406522338696341,,
004,0,0,0,11.71759,9A,2B,1,0.13427000000000078,7.809211969837143,,
004,0,0,0,12.11726,2B,2A,1,0.10070999999999941,3.83299684216745,,
004,0,0,0,12.7168,2A,4A,1,0.033680000000000376,0.8680812554109707,,
004,0,0,0,13.11687,4A,1B,1,0.3663999999999987,5.133114863941756,,
004,0,0,0,13.52782,1B,4B,1,0.4450099999999999,5.372352969553965,,
004,0,0,0,14.23911,4B,1B,1,0.033490000000000464,0.9261719769523324,,
004,0,0,0,14.50622,1B,1A,1,0.032539999999999125,0.7863318627804787,,
004,0,0,0,14.63837,1A,2B,1,0.8999399999999991,24.109032999027118,,
004,0,0,0,15.73808,2B,9A,1,0.6326900000000002,18.512769028395308,,
004,0,0,0,16.77065,9A,3A,1,0.035190000000000055,0.2242431692185572,,
004,0,0,0,17.33818,3A,8B,1,0.3988499999999995,3.689505347319926,,
004,0,0,0,17.7702,8B,6A,1,0.10086000000000084,1.556790756907473,,
004,0,0,0,18.20301,6A,5B,1,0.6008700000000005,5.919339467091764,,
004,0,0,0,19.20343,5B,8B,1,0.2332099999999997,0.212262715368718,,
004,0,0,0,23.26816,1A,4B,1,0.11121999999999943,2.441287142346667,,
004,0,0,0,23.77936,4B,2B,1,0.08851999999999904,4.225701713061845,,
004,0,0,0,23.91212,2B,5A,1,0.18862999999999985,6.475831216608583,,
004,0,0,0,24.20096,5A,5B,1,0.09947999999999979,4.02798402685324,,
004,0,0,0,24.66808,5B,6A,1,0.5991299999999988,21.9428251798626,,
004,0,0,0,25.46659,6A,3B,1,0.7994699999999995,17.871557626427947,,
004,0,0,0,28.43337,2A,4B,1,0.03200999999999965,1.3269856416562718,,
004,0,0,0,28.63218,4B,1A,1,0.09971999999999781,4.408901494282759,,
