ID,ExpertLevel,Complexity,30sTnterval,start_transition,Source,Target,Weight,trans_duration,head_rotation_amplitude,trans_amplitude,trans_velocity
008,0,0,210,211.0537,1A,2A,1,0.08610000000001605,2.996693878608049,,
008,0,0,210,211.4855,2A,2B,1,0.03350000000000364,1.0025493927392155,,
008,0,0,210,211.7854,2B,PB,1,0.43269999999998277,83.26404595769252,,
008,0,0,210,214.718,PB,2B,1,0.6205000000000211,67.24248783875467,,
008,0,0,210,215.4717,2B,5B,1,0.033299999999997,3.3307625649274115,,
008,0,0,210,215.638,5B,8B,1,0.034300000000001774,0.4372149326731627,,
008,0,0,210,219.8368,8B,PB,1,0.6320999999999799,88.62913442368277,,
008,0,0,210,221.1612,PB,1A,1,0.3965999999999781,35.836101621853075,,
008,0,0,210,221.6695,1A,4A,1,0.12139999999999418,12.070258277347001,,
008,0,0,210,221.824,4A,4B,1,0.6330999999999847,14.272041349607324,,
008,0,0,210,222.6908,4B,9A,1,0.5334000000000003,28.1686596708383,,
008,0,0,210,225.4228,9A,PB,1,0.698900000000009,105.13310040201803,,
008,0,0,210,230.0322,PB,4A,1,0.28820000000001755,28.17981625042431,,
008,0,0,210,230.3876,4A,7A,1,0.3223000000000127,26.727279955633705,,
008,0,0,210,231.0431,7A,2B,1,0.10020000000000095,0.5108752106779839,,
008,0,0,210,231.4095,2B,1B,1,0.10030000000000427,5.096355976113493,,
008,0,0,210,231.7753,1B,1A,1,0.03330000000002542,1.0025040816632895,,
008,0,0,210,232.2086,1A,1B,1,0.033299999999997,0.29427985273097335,,
008,0,0,210,232.3751,1B,4A,1,0.06669999999999732,2.4336568940202525,,
008,0,0,210,232.7421,4A,2B,1,0.06610000000000582,4.59876242719826,,
008,0,0,210,232.9423,2B,9A,1,0.16560000000001196,15.953729264759907,,
008,0,0,210,233.1754,9A,6A,1,0.03319999999999368,0.9171731642345236,,
008,0,0,210,233.3078,6A,5B,1,0.1343000000000245,3.7028557872736045,,
008,0,0,210,233.742,5B,8B,1,0.03340000000000032,0.3160744527358883,,
008,0,0,210,234.208,8B,3A,1,0.10009999999999764,2.4222897078800774,,
008,0,0,210,234.5412,3A,7B,1,0.8333999999999833,26.36484322290713,,
008,0,0,210,235.774,7B,4B,1,0.0327000000000055,0.16102927602901573,,
008,0,0,210,236.2401,4B,5A,1,0.16619999999997503,0.35220825410910095,,
008,0,0,210,236.6084,5A,2A,1,0.13170000000002346,0.7250606578434642,,
008,0,0,210,236.873,2A,PB,1,0.565700000000021,71.66955701442924,,
008,0,0,210,239.1941,PB,4A,1,0.2909999999999968,47.53935308269693,,
008,0,0,210,239.5615,4A,2B,1,0.10030000000000427,11.430237569258086,,
008,0,0,210,239.6947,2B,8A,1,0.033599999999978536,2.0327556646629077,,
008,0,0,210,239.9285,8A,8B,1,0.066599999999994,1.117170093579313,,
