ID,ExpertLevel,Complexity,30sInterval,duration_start,Node,AOI_duration,clicked,pupil_diameter,click_duration?,distance_to_aoi,controller_direction(pointing)_angle,controller_duration_on_AOI,duration_time_until_first fixation
003,1,1,180,180.2429,PB,2.7986000000000217,1,-0.26098221293081264,,,,,
003,1,1,180,183.5763,2A,0.2658999999999878,0,-0.0622022098367532,,,,,
003,1,1,180,183.9749,5B,0.233300000000014,0,0.014437084806103982,,,,,
003,1,1,180,184.2751,4B,0.8002999999999929,0,0.21657660266324674,,,,,
003,1,1,180,185.1414,5B,0.8002999999999929,0,0.22380483182991343,,,,,
003,1,1,180,185.9417,2B,0.3990000000000009,0,0.3318081443299134,,,,,
003,1,1,180,186.7398,PB,2.0782999999999845,0,-0.44267733413450605,,,,,
003,1,1,180,189.6613,5B,0.9664999999999964,0,-0.013147444750546342,,,,,
003,1,1,180,190.8276,2B,0.2330000000000041,0,0.2151720133775324,,,,,
003,1,1,180,191.2604,4B,0.2672000000000025,0,0.3068049776632467,,,,,
003,1,1,180,191.5276,7A,0.1996000000000037,0,0.2193858109965802,,,,,
003,1,1,180,191.7272,4B,0.4327999999999861,0,0.24508322766324675,,,,,
003,1,1,180,192.16,7A,0.3010000000000161,0,0.3985751165521355,,,,,
003,1,1,180,192.6284,5A,0.3977999999999895,0,0.3786175609965801,,,,,
003,1,1,180,193.7711,PB,4.355500000000006,0,-0.41535505550001856,,,,,
003,1,1,180,198.4855,2A,0.1610000000000013,0,-0.21475862947961039,,,,,
003,1,1,180,198.8129,4B,0.2331999999999823,0,-0.07840291519389615,,,,,
003,1,1,180,199.0798,5B,0.4993999999999801,0,-0.06596557233675322,,,,,
003,1,1,180,199.6127,3A,0.366500000000002,0,0.20438100039051948,,,,,
003,1,1,180,199.9792,6A,0.3663999999999987,0,0.279126045845065,,,,,
003,1,1,180,200.8445,PB,0.8251999999999953,0,0.006554241948961018,,,,,
003,1,1,180,201.9336,4A,0.0670999999999821,0,-0.35266993900342,,,,,
003,1,1,180,202.1847,4B,0.0824000000000069,0,-0.35410564733675326,,,,,
003,1,1,180,203.2107,PB,2.1888999999999896,0,-0.45988233934706246,,,,,
003,1,1,180,205.81,2A,0.4337999999999908,0,-0.268952580029061,,,,,
003,1,1,180,206.3099,5B,0.4669000000000096,0,-0.25391755805103905,,,,,
003,1,1,180,206.8098,4B,0.3996999999999957,0,-0.06868877233675325,,,,,
003,1,1,180,207.5081,PB,1.899699999999996,0,-0.2460977024442802,,,,,
