ID,ExpertLevel,Complexity,30sTnterval,start_transition,Source,Target,Weight,trans_duration,head_rotation_amplitude,trans_amplitude,trans_velocity
004,0,1,480,487.5835,PB,4B,1,0.5671999999999571,52.111574798810025,,
004,0,1,480,488.3087,4B,5B,1,0.06670000000002574,4.943333478521449,,
004,0,1,480,488.7414,5B,6A,1,0.23320000000001073,16.352266361746725,,
004,0,1,480,489.0078,6A,3B,1,0.19990000000001373,6.980232232761136,,
004,0,1,480,489.4412,3B,5A,1,0.5332000000000221,27.628226359487364,,
004,0,1,480,490.1743,5A,7B,1,0.033299999999997,0.8266986854563854,,
004,0,1,480,490.2407,7B,7A,1,0.033999999999991815,0.9793788675072577,,
004,0,1,480,490.3743,7A,4A,1,0.19999999999998863,11.79549280131377,,
004,0,1,480,490.6405,4A,PB,1,0.29980000000000473,45.459841226004535,,
004,0,1,480,502.9321,PB,7B,1,0.560100000000034,69.87918374812662,,
004,0,1,480,504.8238,6A,9A,1,0.0332000000000221,0.6443196695871456,,
004,0,1,480,504.8901,9A,9B,1,0.10049999999995407,1.0583371037812874,,
004,0,1,480,505.29,9B,5B,1,0.10069999999996071,7.169207002056268,,
004,0,1,480,505.6901,5B,7A,1,0.36650000000003047,17.893777905634863,,
004,0,1,480,506.123,7A,2A,1,0.0665000000000191,4.410254547924119,,
004,0,1,480,506.2561,2A,4A,1,0.0332000000000221,1.3511927508921389,,
004,0,1,480,506.3559,4A,1A,1,0.1671999999999798,2.9257289474405326,,
004,0,1,480,506.5562,1A,PB,1,0.36520000000001573,53.31109299930312,,
