ID,ExpertLevel,Complexity,30sTnterval,start_transition,Source,Target,Weight,trans_duration,head_rotation_amplitude,trans_amplitude,trans_velocity
003,1,0,60,60.12943,5A,2B,1,0.03417999999999921,0.1299623742483238,,
003,1,0,60,61.26383,2B,8A,1,0.031970000000001164,0.04718524779721278,,
003,1,0,60,61.76308,8A,2A,1,0.06639999999999446,1.1160184678778897,,
003,1,0,60,62.39542,2A,PB,1,0.5327399999999969,57.99056290615999,,
003,1,0,60,70.64633,PB,1B,1,0.7447299999999899,60.75877796010666,,
003,1,0,60,71.45825,1B,5A,1,0.06683999999999912,5.187884333219831,,
003,1,0,60,72.29069,5A,PB,1,0.399470000000008,68.42490519473469,,
003,1,0,60,75.32306,3A,3B,1,0.06607999999999947,1.9295161098352214,,
003,1,0,60,75.7229,3B,2B,1,0.5007599999999996,19.527108405640774,,
003,1,0,60,76.42313,2B,PB,1,0.4981300000000033,71.26794258487672,,
003,1,0,60,77.53378,PB,1B,1,0.3785800000000137,43.65203746216898,,
003,1,0,60,78.22137,1B,PB,1,0.9322300000000041,67.25087297589556,,
003,1,0,60,80.30871,PB,2A,1,0.6450999999999993,66.2011200040285,,
003,1,0,60,82.62041,2A,PB,1,0.46565999999999974,66.08382173460308,,
003,1,0,60,89.32872,8B,5B,1,0.23326999999999032,0.5645008807012442,,
003,1,0,60,89.66132,5B,8B,1,0.0667399999999958,1.5946074526847998,,
