ID,ExpertLevel,Complexity,30sInterval,duration_start,Node,AOI_duration,clicked,pupil_diameter,click_duration?,distance_to_aoi,controller_direction(pointing)_angle,controller_duration_on_AOI,duration_time_until_first fixation
003,1,1,150,150.0116,PB,4.132000000000005,0,-0.3209971861298568,,,,,
003,1,1,150,152.4447,2B,0.2338999999999771,0,-0.20458534376532464,,,,,
003,1,1,150,152.7782,5A,0.3669000000000153,0,-0.1887611359731169,,,,,
003,1,1,150,153.1451,2A,0.4992999999999767,0,-0.0703783056700866,,,,,
003,1,1,150,153.9427,PB,0.94489999999999,0,-0.24611009992296018,,,,,
003,1,1,150,155.2431,2A,0.2009999999999934,0,-0.1556879390034199,,,,,
003,1,1,150,155.4768,5B,0.4337000000000159,0,-0.05513054156752242,,,,,
003,1,1,150,156.6105,8A,0.065400000000011,0,0.0020534776632468166,,,,,
003,1,1,150,157.2415,PB,1.3996999999999955,0,-0.28590696725200754,,,,,
003,1,1,150,159.2638,2B,0.2002999999999986,0,-0.038154605670086474,,,,,
003,1,1,150,159.4974,8B,0.0664999999999906,0,0.11795897766324681,,,,,
003,1,1,150,159.7971,2B,0.5330999999999904,0,0.038161571413246734,,,,,
003,1,1,150,160.3968,2A,1.1325999999999965,0,0.26432003648677627,,,,,
003,1,1,150,162.3958,7A,0.1003999999999791,0,0.3643057901632467,,,,,
003,1,1,150,163.8944,PB,1.6225000000000025,0,-0.2090789198777368,,,,,
003,1,1,150,165.7605,1B,0.044399999999996,0,-0.15713002233675333,,,,,
003,1,1,150,166.0988,2A,0.4284999999999854,0,0.113214140706725,,,,,
003,1,1,150,167.8589,PB,1.5785999999999945,0,-0.12989043651585772,,,,,
003,1,1,150,169.8594,2A,0.066599999999994,0,0.06931315449251506,,,,,
003,1,1,150,171.5918,7B,0.0668000000000006,1,0.2735923627983819,,,,,
003,1,1,150,175.8124,1B,0.8667000000000087,1,0.3539946315094005,,,,,
003,1,1,150,176.8794,2B,0.2336999999999989,0,0.5587900848061039,,,,,
003,1,1,150,177.1462,5A,0.5991999999999962,0,0.4170353665521357,,,,,
003,1,1,150,178.2778,6A,0.3328999999999951,0,0.4797460276632467,,,,,
003,1,1,150,178.6107,9B,0.2008999999999901,0,0.3701857276632467,,,,,
003,1,1,150,178.8443,9A,0.2335999999999956,0,0.4012832990918182,,,,,
003,1,1,150,179.444,1B,0.0667000000000257,0,0.3388208526632468,,,,,
