ID,ExpertLevel,Complexity,30sTnterval,start_transition,Source,Target,Weight,trans_duration,head_rotation_amplitude,trans_amplitude,trans_velocity
009,0,0,0,0.7363615,4B,1B,1,0.1300774,2.532387075779287,,
009,0,0,0,1.1776,1B,2A,1,0.7997620000000001,17.192690736396717,,
009,0,0,0,2.088127,2A,5A,1,0.04503099999999982,1.9780066922104584,,
009,0,0,0,2.466093,5A,2B,1,0.06679700000000022,0.22907329060201853,,
009,0,0,0,3.165607,2B,5A,1,0.033126999999999907,0.03342110817052735,,
009,0,0,0,3.665743,5A,7B,1,0.04436699999999982,0.4006047202874843,,
009,0,0,0,3.732065,7B,2A,1,0.34489499999999973,3.4000359781094502,,
009,0,0,0,4.653805,2A,5A,1,0.06661399999999951,0.10553910213515394,,
009,0,0,0,5.05407,5A,2B,1,0.022031000000000134,0.040614270885328096,,
009,0,0,0,5.397751,2B,2A,1,0.199789,0.6545466507219295,,
009,0,0,0,5.730942,2A,4B,1,0.33359499999999986,2.714414401568483,,
009,0,0,0,6.575668,4B,2A,1,0.8216019999999995,2.2010912907651807,,
009,0,0,0,9.029404,1A,1B,1,0.33333600000000096,4.595360953905143,,
009,0,0,0,11.22884,2A,5A,1,0.1560699999999997,6.373642118963129,,
009,0,0,0,11.49719,5A,2B,1,0.054120000000001056,0.15195417048515836,,
009,0,0,0,11.75077,2B,5A,1,0.03365000000000151,0.8265479063691323,,
009,0,0,0,12.05016,5A,7B,1,0.16694999999999993,0.5188510788883676,,
009,0,0,0,12.25042,7B,2A,1,0.36647999999999925,0.745742734553744,,
009,0,0,0,13.08452,2A,4B,1,0.1325200000000013,2.5025114808458397,,
009,0,0,0,13.68389,4B,1A,1,0.18812999999999924,3.3216521369073178,,
009,0,0,0,14.40512,1A,5A,1,0.6670800000000003,20.50131835170974,,
009,0,0,0,15.24931,5A,2B,1,0.06646000000000107,0.2347031182592083,,
009,0,0,0,15.38332,2B,2A,1,0.30020000000000024,0.7967257662625009,,
009,0,0,0,15.91583,2A,4B,1,0.09947999999999979,8.3900120025937,,
009,0,0,0,19.61536,PB,4A,1,0.7119800000000005,65.06565869911611,,
009,0,0,0,20.66033,4A,1B,1,0.26632999999999996,3.5254035736905607,,
009,0,0,0,21.41342,1B,4A,1,0.06706000000000145,1.0837719111849395,,
009,0,0,0,23.63492,5B,2B,1,0.2324699999999993,2.7997741843862745,,
009,0,0,0,23.94723,2B,2A,1,0.1100999999999992,2.74426366658469,,
009,0,0,0,24.52285,2A,4A,1,0.9893900000000002,16.587760906088874,,
009,0,0,0,25.84551,4A,7A,1,0.0666899999999977,1.213211572957448,,
009,0,0,0,26.36678,7A,4A,1,0.355870000000003,2.4101674911448754,,
009,0,0,0,26.74578,4A,1B,1,0.06612000000000151,1.8159999951513441,,
009,0,0,0,27.12141,1B,PB,1,0.29036999999999935,40.12879554585199,,
