ID,ExpertLevel,Complexity,30sInterval,duration_start,Node,AOI_duration,clicked,pupil_diameter,click_duration?,distance_to_aoi,controller_direction(pointing)_angle,controller_duration_on_AOI,duration_time_until_first fixation
005,1,1,360,360.0175,PB,3.442199999999957,0,-0.07138343513629096,,,,,
005,1,1,360,362.0491,4B,0.102800000000002,0,0.039460934582018936,,,,,
005,1,1,360,362.2306,2A,0.1770999999999958,0,0.28227101791535225,,,,,
005,1,1,360,362.4077,2B,0.3341000000000349,0,0.25484143458201886,,,,,
005,1,1,360,363.042,7B,0.1331000000000131,0,0.3547954345820189,,,,,
005,1,1,360,363.3418,5B,0.0658999999999991,0,0.28584433458201886,,,,,
005,1,1,360,363.776,8B,0.4986999999999852,0,0.20621041791535225,,,,,
005,1,1,360,364.7409,7A,0.33299999999997,0,0.019731834582018926,,,,,
005,1,1,360,365.0739,4B,0.4661000000000399,0,0.16203789886773315,,,,,
005,1,1,360,365.54,4A,0.2000999999999635,0,0.23978160124868556,,,,,
005,1,1,360,365.9734,7B,0.2325999999999908,0,0.144863041724876,,,,,
005,1,1,360,366.4394,5A,0.1999000000000137,0,0.029865184582018922,,,,,
005,1,1,360,366.6393,2B,0.2673000000000343,0,0.0800028209456553,,,,,
005,1,1,360,368.2051,3A,0.2667999999999892,0,0.33634362208201884,,,,,
005,1,1,360,368.4719,6A,0.3326999999999884,0,0.29184938458201887,,,,,
005,1,1,360,368.8046,9A,0.0672000000000139,0,0.31252668458201904,,,,,
005,1,1,360,369.1049,5B,0.1000999999999976,0,0.30152751791535226,,,,,
005,1,1,360,369.4387,2B,0.1656000000000403,0,0.4878743845820189,,,,,
005,1,1,360,369.6721,7B,0.2998000000000047,0,0.3872329573092916,,,,,
005,1,1,360,371.4379,7A,0.4996999999999616,0,0.10002425475745749,,,,,
005,1,1,360,377.1916,PB,0.894299999999987,0,0.031885725122559466,,,,,
005,1,1,360,378.4611,2B,0.0480000000000018,0,0.17508893458201885,,,,,
005,1,1,360,378.712,6A,0.1662000000000034,0,0.3492528845820188,,,,,
005,1,1,360,378.9119,3A,0.3331000000000017,0,0.19066523458201895,,,,,
005,1,1,360,379.245,6A,0.6324999999999932,0,0.2711222635293873,,,,,
005,1,1,360,380.3111,5B,0.4672999999999661,0,0.27962650601059036,,,,,
005,1,1,360,380.8117,7A,0.1997000000000071,0,0.2036907679153522,,,,,
005,1,1,360,382.3761,PB,4.3209999999999695,0,-0.04933206048377057,,,,,
