ID,ExpertLevel,Complexity,30sTnterval,start_transition,Source,Target,Weight,trans_duration,head_rotation_amplitude,trans_amplitude,trans_velocity
004,0,0,30,30.03149,4A,4B,1,0.15618999999999872,1.017143838755615,,
004,0,0,30,30.70903,4B,2B,1,0.4003500000000031,4.209555687239352,,
004,0,0,30,31.40969,2B,7A,1,0.0664599999999993,1.6979975039188098,,
004,0,0,30,31.80943,7A,8A,1,0.06725000000000136,3.7374716370255214,,
004,0,0,30,32.27582,8A,9A,1,0.10024999999999551,5.793224043968104,,
004,0,0,30,32.6092,9A,5B,1,0.13327999999999918,4.043765795442096,,
004,0,0,30,33.00918,5B,8A,1,0.03311000000000064,0.1049355371178109,,
004,0,0,30,33.37606,8A,5B,1,0.033149999999999125,0.05690880952434796,,
004,0,0,30,35.20849,4A,9A,1,0.7104300000000023,29.30975230325967,,
004,0,0,30,35.95149,9A,PB,1,0.6652199999999979,90.19219458663541,,
004,0,0,30,38.48262,PB,7B,1,0.5678600000000031,72.71088890069842,,
004,0,0,30,39.48388,7B,7A,1,0.20035000000000025,2.6933845098654423,,
004,0,0,30,39.71725,7A,2A,1,0.032809999999997785,0.5481120823450496,,
004,0,0,30,40.01703,2A,4B,1,0.0664599999999993,0.6723447226784387,,
004,0,0,30,42.4157,4B,PB,1,0.36511999999999745,54.547085396252946,,
004,0,0,30,46.5014,PB,2B,1,0.5003600000000006,65.33448582035888,,
004,0,0,30,47.17021,2B,3A,1,0.09943000000000524,10.902459318532893,,
004,0,0,30,48.40203,3A,6A,1,0.033099999999997465,0.5116772768875241,,
004,0,0,30,48.60268,6A,9A,1,0.09978999999999871,0.8674021457971564,,
004,0,0,30,48.73578,9A,6B,1,0.06618000000000279,2.681398889774815,,
004,0,0,30,49.10107,6B,8B,1,0.0668500000000023,5.554945364042183,,
004,0,0,30,49.20137,8B,PB,1,0.6320600000000027,96.91633870952141,,
004,0,0,30,55.7976,PB,5B,1,0.5560299999999998,71.89773072451631,,
004,0,0,30,56.52144,5B,6A,1,0.06659000000000503,1.646404195815359,,
004,0,0,30,56.62096,6A,3A,1,0.03292000000000428,0.07370558937186544,,
004,0,0,30,56.68673,3A,6A,1,0.033590000000003783,0.243996654645672,,
004,0,0,30,57.08684,6A,7A,1,0.10041999999999973,13.113746942748396,,
004,0,0,30,57.35432,7A,1A,1,0.3987499999999997,21.949834404741175,,
004,0,0,30,58.35271,1A,PB,1,0.19892999999999716,38.505033194031796,,
