ID,ExpertLevel,Complexity,30sTnterval,start_transition,Source,Target,Weight,trans_duration,head_rotation_amplitude,trans_amplitude,trans_velocity
003,1,0,540,540.3621,7A,2A,1,0.03309999999999036,0.2640167873523467,,
003,1,0,540,540.7617,2A,2B,1,0.06719999999995707,1.9996105034802696,,
003,1,0,540,541.395,2B,9A,1,0.26700000000005275,16.491910345867208,,
003,1,0,540,541.8947,9A,6A,1,0.03350000000000364,0.28673394684795994,,
003,1,0,540,544.9612,3A,PB,1,0.6976000000000795,113.2255811678127,,
003,1,0,540,551.0248,PB,2A,1,0.3432000000000244,71.16940775336509,,
003,1,0,540,551.4427,2A,5B,1,0.3932000000000926,2.3901978256461938,,
003,1,0,540,553.4207,PB,2B,1,0.7488999999999351,67.63502697697902,,
003,1,0,540,554.5022,2B,8A,1,0.03309999999999036,0.1897309994560672,,
003,1,0,540,558.8005,2B,8A,1,0.2664999999999509,3.068058414243364,,
003,1,0,540,559.3003,8A,2B,1,0.03260000000000218,0.3994350438852834,,
003,1,0,540,559.4,2B,8A,1,0.0664000000000442,0.254441455838851,,
003,1,0,540,559.9333,8A,4B,1,0.1998999999999569,7.326894571086161,,
003,1,0,540,561.4996,4B,7B,1,0.09929999999997108,0.8047703984727619,,
003,1,0,540,561.9647,7B,1B,1,0.2318000000000211,0.21673104081332895,,
003,1,0,540,562.4302,1B,2B,1,0.9326999999999543,14.563684680301364,,
003,1,0,540,563.7964,2B,3A,1,0.2017000000000735,7.90781081235148,,
003,1,0,540,564.8951,3A,6A,1,0.033200000000078944,1.1241683696727875,,
003,1,0,540,565.3284,6A,8B,1,0.13419999999996435,6.401268232829388,,
003,1,0,540,565.5958,8B,5B,1,0.09999999999990905,0.9957946732480636,,
003,1,0,540,565.9624,5B,8A,1,0.033599999999978536,0.9146272875346817,,
003,1,0,540,566.029,8A,5B,1,0.03340000000002874,0.9894642565025116,,
003,1,0,540,566.1287,5B,8A,1,0.20019999999999527,5.966303940249059,,
003,1,0,540,568.3619,8A,7A,1,0.8990000000000009,5.462824831633789,,
003,1,0,540,569.4608,7A,4B,1,0.3669000000001006,3.3883017281738717,,
