ID,ExpertLevel,Complexity,30sTnterval,start_transition,Source,Target,Weight,trans_duration,head_rotation_amplitude,trans_amplitude,trans_velocity
009,0,0,510,510.7936,PB,1A,1,0.31879999999995334,37.530211551468675,,
009,0,0,510,511.222,1A,4A,1,0.05369999999999209,3.5755202859499207,,
009,0,0,510,511.411,4A,2A,1,0.08319999999997663,7.868241919410522,,
009,0,0,510,511.7106,2A,4B,1,0.03350000000000364,0.23834608887292674,,
009,0,0,510,511.9767,4B,2A,1,0.03400000000004866,0.29919713542435034,,
009,0,0,510,512.5103,2A,9A,1,0.26709999999991396,22.2725720123711,,
009,0,0,510,513.0094,9A,6A,1,0.033599999999978536,0.7929610740384461,,
009,0,0,510,513.4754,6A,9A,1,0.033699999999953434,0.2567243254738707,,
009,0,0,510,513.876,9A,6A,1,0.03309999999999036,0.16787441979133533,,
009,0,0,510,514.5086,6A,9A,1,0.5329000000000406,11.889803725612925,,
009,0,0,510,515.4414,9A,3A,1,0.066599999999994,0.5010593045003358,,
009,0,0,510,515.8419,3A,5B,1,0.4317999999999529,7.171725867741099,,
009,0,0,510,516.6415,5B,2B,1,0.033100000000104046,1.0420746456137397,,
009,0,0,510,517.2063,2B,2A,1,0.1671999999999798,7.566354843183369,,
009,0,0,510,517.7726,2A,4B,1,0.7001000000000204,1.1346871556772555,,
009,0,0,510,518.6057,4B,4A,1,0.4329000000000178,1.2519071273278897,,
009,0,0,510,519.9387,4A,2B,1,0.33330000000000837,16.66374711637404,,
009,0,0,510,520.5715,2B,5B,1,0.03319999999996526,0.6964060479555876,,
009,0,0,510,521.6047,5B,9A,1,0.0664000000000442,1.428783624029766,,
009,0,0,510,521.7714,9A,6A,1,0.09990000000004784,2.8554984646679955,,
009,0,0,510,521.9048,6A,3A,1,0.03260000000000218,0.4906953752094827,,
009,0,0,510,522.138,3A,9B,1,0.033299999999940155,0.05763958422759696,,
009,0,0,510,522.2708,9B,2A,1,0.46630000000004657,32.71036065423207,,
009,0,0,510,522.8708,2A,1B,1,0.13289999999994961,9.622363670890948,,
009,0,0,510,530.1791,2B,6A,1,0.2664000000000897,21.24924133712001,,
009,0,0,510,530.4789,6A,9A,1,0.1997000000000071,2.413418513274978,,
009,0,0,510,530.7119,9A,6A,1,0.0666999999999689,7.054982426388454,,
009,0,0,510,530.812,6A,PB,1,0.43269999999995434,104.42185862381527,,
009,0,0,510,537.5948,PB,1A,1,0.2660000000000764,38.39920383769275,,
009,0,0,510,538.0224,1A,1B,1,0.057900000000017826,2.8016415937979673,,
009,0,0,510,538.1356,1B,2A,1,0.05870000000004438,1.6909797797218005,,
009,0,0,510,538.3859,2A,5A,1,0.26700000000005275,5.518148446542131,,
009,0,0,510,538.7862,5A,2B,1,0.566599999999994,14.080347832604772,,
