ID,ExpertLevel,Complexity,30sInterval,duration_start,Node,AOI_duration,clicked,pupil_diameter,click_duration?,distance_to_aoi,controller_direction(pointing)_angle,controller_duration_on_AOI,duration_time_until_first fixation
004,0,1,480,480.0077,PB,2.2106999999999744,0,-0.17617734588543096,,,,,
004,0,1,480,488.1507,4B,0.1915000000000191,0,-0.27305627445685954,,,,,
004,0,1,480,488.3754,5B,0.3992000000000075,0,-0.15641041136162143,,,,,
004,0,1,480,488.9746,6A,0.0661999999999807,0,-0.013793453028288272,,,,,
004,0,1,480,489.2077,3B,0.266900000000021,0,-0.08385226552828798,,,,,
004,0,1,480,489.9744,5A,0.2332000000000107,0,0.23325429697171193,,,,,
004,0,1,480,490.2076,7B,0.0670999999999821,0,0.22631854697171194,,,,,
004,0,1,480,490.2747,7A,0.1336000000000012,0,0.15980942197171183,,,,,
004,0,1,480,490.5743,4A,0.099899999999991,0,0.09678046363837851,,,,,
004,0,1,480,490.9403,PB,3.198300000000017,0,-0.18956397629561483,,,,,
004,0,1,480,503.4922,7B,0.1984999999999672,0,-0.1958829530282881,,,,,
004,0,1,480,504.724,6A,0.1330000000000382,0,-0.08575970302828817,,,,,
004,0,1,480,504.857,9A,0.066599999999994,0,-0.10878695302828822,,,,,
004,0,1,480,504.9906,9B,0.3326000000000135,0,-0.2859219030282881,,,,,
004,0,1,480,505.3907,5B,0.3327000000000453,0,-0.13406640302828807,,,,,
004,0,1,480,506.0566,7A,0.099899999999991,0,0.0035542969717117976,,,,,
004,0,1,480,506.1895,2A,0.0998000000000161,0,0.09341079697171195,,,,,
004,0,1,480,506.2893,4A,0.1003999999999791,0,0.057992630305045235,,,,,
004,0,1,480,506.5231,1A,0.065999999999974,0,0.15006679697171188,,,,,
004,0,1,480,506.9214,PB,2.257599999999968,0,-0.3613498848464699,,,,,
