ID,ExpertLevel,Complexity,30sTnterval,start_transition,Source,Target,Weight,trans_duration,head_rotation_amplitude,trans_amplitude,trans_velocity
009,0,0,270,272.1699,5B,8B,1,0.03350000000000364,2.9717459118787346,,
009,0,0,270,272.4382,8B,9A,1,0.2646000000000299,4.688092487504078,,
009,0,0,270,273.0368,9A,8B,1,0.5002999999999815,4.2299230081690435,,
009,0,0,270,273.5702,8B,5B,1,0.23279999999999745,4.549914954947553,,
009,0,0,270,274.1029,5B,2B,1,0.03300000000001546,0.11034398604716955,,
009,0,0,270,274.4352,2B,9A,1,0.20009999999996353,1.8900789104742763,,
009,0,0,270,274.7018,9A,6A,1,0.10020000000002938,0.5550514603378112,,
009,0,0,270,275.0691,6A,8B,1,0.1997000000000071,0.6043656676136244,,
009,0,0,270,275.335,8B,5B,1,0.03350000000000364,0.438629490097016,,
009,0,0,270,275.5349,5B,2B,1,0.03350000000000364,0.4699515984714342,,
009,0,0,270,275.7757,2B,4A,1,0.2939000000000078,19.62481673259426,,
009,0,0,270,276.2346,4A,1B,1,0.16660000000001673,4.1698327946879985,,
009,0,0,270,276.5011,1B,1A,1,0.0666999999999689,0.8097982363294705,,
009,0,0,270,277.9674,1A,2B,1,0.09969999999998436,11.572761122246305,,
009,0,0,270,278.2521,2B,8A,1,0.05170000000003938,4.010171668820824,,
009,0,0,270,278.3301,8A,5B,1,0.05279999999999063,4.700508762198096,,
009,0,0,270,278.4083,5B,9A,1,0.10520000000002483,5.521834204868181,,
009,0,0,270,278.6167,9A,6A,1,0.08400000000000318,1.6632074664898635,,
009,0,0,270,289.3914,PB,1A,1,0.5696000000000367,58.79812596283098,,
009,0,0,270,290.0376,1A,4A,1,0.10629999999997608,4.518417202470239,,
009,0,0,270,290.5504,4A,1A,1,0.13279999999997472,2.084044296510548,,
009,0,0,270,290.9166,1A,1B,1,0.033799999999985175,0.3874720667434133,,
009,0,0,270,291.1169,1B,2A,1,0.06639999999998736,2.5423441165929788,,
009,0,0,270,291.3955,2A,2B,1,0.21039999999999281,6.702131026746418,,
009,0,0,270,291.9063,2B,5B,1,0.133199999999988,1.4818117807339455,,
009,0,0,270,292.2407,5B,9A,1,0.331799999999987,11.549620856691208,,
009,0,0,270,292.6395,9A,6A,1,0.3331999999999766,2.5189923668931478,,
009,0,0,270,293.2062,6A,5B,1,0.09940000000000282,4.547530886330252,,
009,0,0,270,293.3722,5B,PB,1,0.5652999999999793,100.6440677527736,,
