ID,ExpertLevel,Complexity,30sInterval,duration_start,Node,AOI_duration,clicked,pupil_diameter,click_duration?,distance_to_aoi,controller_direction(pointing)_angle,controller_duration_on_AOI,duration_time_until_first fixation
003,1,0,30,30.89795,2B,0.3679399999999972,0,0.38133013675415595,,,,,
003,1,0,30,31.4995,4B,0.1987799999999993,0,0.3824423943299134,,,,,
003,1,0,30,31.76488,4A,0.0681899999999977,0,0.41848097766324655,,,,,
003,1,0,30,31.96495,1B,0.0653999999999968,0,0.5166944776632467,,,,,
003,1,0,30,32.5641,4B,0.2997799999999984,0,0.515057191077881,,,,,
003,1,0,30,34.8956,PB,1.08005,0,-0.2557962150450866,,,,,
003,1,0,30,40.27188,2A,0.2997999999999976,0,0.2737482276632468,,,,,
003,1,0,30,40.6718,2B,0.0669500000000056,0,0.31245522766324685,,,,,
003,1,0,30,40.80521,8A,0.1334699999999955,0,0.14918072766324675,,,,,
003,1,0,30,40.93868,5B,0.3329400000000007,0,0.1394376276632467,,,,,
003,1,0,30,41.30507,3A,0.3001099999999965,0,0.41972822766324674,,,,,
003,1,0,30,42.43797,2B,0.5330700000000022,0,0.32965260266324675,,,,,
003,1,0,30,43.00444,2A,0.2328599999999951,0,0.4263409276632467,,,,,
003,1,0,30,43.57072,7B,0.2329799999999977,0,0.35152115623467534,,,,,
003,1,0,30,44.33688,4A,0.2666699999999977,0,0.46526941516324677,,,,,
003,1,0,30,46.01369,6A,0.0665700000000057,0,0.34889347766324663,,,,,
003,1,0,30,46.24762,2A,0.1991300000000038,0,0.5050303943299134,,,,,
003,1,0,30,46.54722,4B,1.1987099999999984,0,0.3339145802273493,,,,,
003,1,0,30,52.41216,8A,0.0674899999999993,0,0.4001629776632467,,,,,
003,1,0,30,52.47965,2B,0.7315400000000025,0,0.44834227311779223,,,,,
003,1,0,30,53.21119,5B,0.5000999999999962,0,0.4472338276632468,,,,,
003,1,0,30,53.71129,5A,0.2321000000000026,0,0.4158086562346753,,,,,
003,1,0,30,53.94339,2A,0.4669000000000025,0,0.34023844194896097,,,,,
003,1,0,30,54.44331,1B,0.0666500000000027,0,0.45310322766324673,,,,,
003,1,0,30,55.70849,PB,1.2783000000000015,0,-0.22206295158203626,,,,,
003,1,0,30,57.18676,1A,0.0453299999999998,0,-0.25053302233675334,,,,,
003,1,0,30,57.50883,1B,0.4656599999999997,0,-0.05301055805103897,,,,,
003,1,0,30,58.00831,1A,0.4662799999999976,0,0.25105351337753246,,,,,
003,1,0,30,58.84032,PB,0.7889499999999998,0,-0.07380433483675329,,,,,
