ID,ExpertLevel,Complexity,30sTnterval,start_transition,Source,Target,Weight,trans_duration,head_rotation_amplitude,trans_amplitude,trans_velocity
019,0,0,210,210.2417,PB,4A,1,0.5560999999999865,67.4820718427305,,
019,0,0,210,210.9635,4A,PB,1,0.4660999999999831,80.86307652786661,,
019,0,0,210,215.8177,PB,2B,1,0.5432999999999879,90.07033620275615,,
019,0,0,210,216.4285,2B,8A,1,0.099899999999991,2.524069933020865,,
019,0,0,210,216.5622,8A,5B,1,0.0660000000000025,0.32010465770556706,,
019,0,0,210,217.1282,5B,PB,1,0.8992000000000075,103.04594575577191,,
019,0,0,210,220.481,PB,5A,1,0.42789999999999395,85.22774692122493,,
019,0,0,210,220.951,5A,5B,1,0.09759999999999991,3.6555963138975365,,
019,0,0,210,221.2485,5B,8B,1,0.033699999999981856,0.06142375964716962,,
019,0,0,210,223.6818,8B,4B,1,0.09940000000000282,8.45775741363936,,
019,0,0,210,223.8476,4B,PB,1,0.6312000000000069,90.66994942154084,,
019,0,0,210,229.5782,6A,9B,1,0.03340000000000032,0.11787620331092974,,
019,0,0,210,234.6751,PB,2B,1,0.5677000000000021,78.37023490524922,,
019,0,0,210,235.5034,2B,8A,1,0.02580000000000382,0.47886695163137993,,
019,0,0,210,235.5768,8A,5B,1,0.025000000000005684,0.80838545955997,,
019,0,0,210,235.6768,5B,8A,1,0.024400000000014188,0.16250098093314236,,
019,0,0,210,235.7258,8A,5B,1,0.021700000000009823,0.11217339588399611,,
019,0,0,210,235.822,5B,3A,1,0.2650999999999897,18.438970490011336,,
019,0,0,210,236.3539,3A,6B,1,0.033299999999997,0.16925575472897947,,
019,0,0,210,236.687,6B,3B,1,0.06669999999999732,0.6340530329929273,,
019,0,0,210,237.2966,3B,6B,1,0.06229999999999336,0.43947135935369985,,
019,0,0,210,237.5872,6B,9B,1,0.03290000000001214,1.055300487086809,,
019,0,0,210,237.8542,9B,4A,1,0.698900000000009,43.43905310426217,,
019,0,0,210,238.6867,4A,7A,1,0.09969999999998436,0.3632341268640289,,
019,0,0,210,239.0717,7A,7B,1,0.046899999999993724,1.0399427009021238,,
019,0,0,210,239.3858,7B,7A,1,0.09880000000001132,0.8747766749799624,,
