ID,ExpertLevel,Complexity,30sInterval,duration_start,Node,AOI_duration,clicked,pupil_diameter,controller_duration_on_aoi,distance_to_aoi,seating_row_aoi,seating_loc_aoi,controller_direction(pointing)_angle,duration_time_until_first fixation
016,0,0,60,60.00719,PB,14.760670000000005,0,-0.29296998668037727,0,2.1799347293594566,0.0,0.0,,
016,0,0,60,65.80508,2A,0.2340399999999931,0,-0.14228243820876155,0,2.9636899857445482,1.0,0.0,,
016,0,0,60,66.07178,2B,0.4329699999999974,0,-0.06859687667030001,0,2.8192267584873503,1.0,0.0,,
016,0,0,60,66.50475,2A,0.2666700000000048,0,0.002752411791238474,0,3.0339477499298875,1.0,0.0,,
016,0,0,60,67.00439,7A,0.2999399999999923,0,0.07162249512457183,0,7.384616396388547,3.0,-1.0,,
016,0,0,60,68.22608,1A,0.2665400000000062,0,0.10732466179123847,0,4.947156210443736,1.0,-1.0,,
016,0,0,60,68.82579,PB,4.021659999999997,1,-0.30077287121206187,0,1.8972809442008514,0.0,0.0,,
