ID,ExpertLevel,Complexity,30sInterval,duration_start,Node,AOI_duration,clicked,pupil_diameter,controller_duration_on_aoi,distance_to_aoi,seating_row_aoi,seating_loc_aoi,controller_direction(pointing)_angle,duration_time_until_first fixation
016,0,0,100,100.0241,5A,3.731960000000001,0,0.31604839708535615,0,5.885405356575175,2.0,0.0,,
016,0,0,100,101.2551,PB,8.453100000000006,0,-0.14688410346075093,0,2.269399879782993,0.0,0.0,,
016,0,0,100,110.3524,2A,0.2995999999999981,0,0.08815709512457183,0,3.10684200674469,1.0,0.0,,
016,0,0,100,111.1524,2B,2.4436000000000035,0,0.23046656685452957,0,3.048738089069981,1.0,0.0,,
016,0,0,100,113.6295,2A,0.7000000000000028,0,0.3315405665531432,0,3.1704545610232886,1.0,0.0,,
016,0,0,100,114.3295,4B,0.5328999999999979,0,0.30034931804123843,0,5.7175452063142185,2.0,-1.0,,
016,0,0,100,115.4382,PB,24.92320000000001,1,-0.19116483211120056,0,2.1218003321130423,0.0,0.0,,
