ID,ExpertLevel,Complexity,30sInterval,duration_start,Node,AOI_duration,clicked,pupil_diameter,controller_duration_on_aoi,distance_to_aoi,seating_row_aoi,seating_loc_aoi,active_disruption,passive_disruption,duration_time_until_first_fixation
016,0,0,270,270.0155,PB,7.709499999999991,0,-0.09435110487542821,0,2.276391599941697,0.0,0.0,0,0,0.015499999999974534
016,0,0,270,292.172,5A,0.1999999999999886,0,0.05470991179123841,0,4.826978373850555,2.0,0.0,0,0,22.172000000000025
016,0,0,270,292.572,4B,0.099899999999991,0,0.015214995124571843,0,5.605436630584659,2.0,-1.0,1,0,22.572000000000003
016,0,0,270,292.8384,9A,0.2008000000000152,0,0.10005391179123846,0,6.595557295504743,3.0,1.0,1,0,22.83839999999998
016,0,0,270,293.0721,9B,0.3328999999999951,0,0.12009316179123845,0,6.78864003535364,3.0,1.0,0,0,23.072099999999978
016,0,0,270,293.4381,9A,0.0677999999999769,0,0.2194919117912385,0,6.547827941697448,3.0,1.0,1,0,23.43810000000002
016,0,0,270,293.7046,3B,0.2009999999999649,0,0.4533227451245718,0,3.633967262953064,1.0,1.0,0,1,23.704600000000028
016,0,0,270,294.4038,PB,6.175999999999988,1,0.07143095204547574,0,2.0624241410882105,0.0,0.0,0,0,24.40379999999999
