ID,ExpertLevel,Complexity,30sTnterval,start_transition,Source,Target,Weight,trans_duration,head_rotation_amplitude,trans_amplitude,trans_velocity
016,0,0,80,94.32632,PB,1A,1,0.6893100000000061,64.42575399361625,,
016,0,0,80,95.19289,1A,1B,1,0.022210000000001173,0.6578568691214315,,
016,0,0,80,95.2824,1B,2A,1,0.40941000000000827,14.06492255727246,,
016,0,0,80,95.95815,2A,2B,1,0.06663999999999248,3.7677474568048552,,
016,0,0,80,96.59155,2B,5B,1,0.0332300000000032,0.4037852787702896,,
016,0,0,80,96.82493,5B,5A,1,0.032910000000001105,0.38202542991925625,,
016,0,0,80,100.5569,5A,PB,1,0.6981999999999999,88.11230728054282,,
