ID,ExpertLevel,Complexity,30sTnterval,start_transition,Source,Target,Weight,trans_duration,head_rotation_amplitude,trans_amplitude,trans_velocity
016,0,0,240,267.2831,PB,4A,1,0.38510000000002265,67.87896959530482,0.006444061320365018,0.016733475254127862
016,0,0,240,267.8719,4A,2A,1,0.0665000000000191,4.790578642004206,0.0053284475949004415,0.08012703150223927
016,0,0,240,268.1053,2A,2B,1,0.06680000000000064,2.4191452391774,0.020480860502957485,0.3065997081281031
016,0,0,240,268.5379,2B,PB,1,0.36590000000001055,83.67072709699644,0.001715820100272756,0.004689314294268124
