ID,ExpertLevel,Complexity,30sInterval,duration_start,Node,AOI_duration,clicked,pupil_diameter,controller_duration_on_aoi,distance_to_aoi,seating_row_aoi,seating_loc_aoi,active_disruption,passive_disruption,duration_time_until_first_fixation
016,0,0,30,30.02067,PB,20.19039,0,-0.27049205843923524,0,1.6895353941218088,0.0,0.0,0,0,0.020669999999999078
016,0,0,30,47.92427,1B,0.0444000000000031,0,-0.24342155249447583,0,3.9865981016290917,1.0,-1.0,1,0,17.92427
016,0,0,30,48.22513,2A,0.3322700000000012,0,-0.05384098820876158,0,2.9748042446720655,1.0,0.0,0,0,18.22513
016,0,0,30,48.5574,2B,0.3662500000000008,0,0.004738434518511222,0,2.826657475370217,1.0,0.0,0,0,18.5574
016,0,0,30,49.28917,PB,14.760670000000005,0,-0.3424107899907322,0,2.0967537587314435,0.0,0.0,0,0,19.28917
