ID,ExpertLevel,Complexity,30sInterval,duration_start,Node,AOI_duration,clicked,pupil_diameter,controller_duration_on_aoi,distance_to_aoi,seating_row_aoi,seating_loc_aoi,controller_direction(pointing)_angle,duration_time_until_first fixation
016,0,1,460,460.6319,7A,0.0672000000000139,0,0.5805874117912384,0,7.575107616670884,3.0,-1.0,,
016,0,1,460,461.3672,2A,0.2994999999999663,0,0.5344453436094203,0,3.2428680631696265,1.0,0.0,,
016,0,1,460,461.6667,2B,0.8095000000000141,0,0.5630534217912385,0,2.987813466969021,1.0,0.0,,
016,0,1,460,462.8417,6B,0.3997999999999706,0,0.5119502034579051,0,5.184270834044104,2.0,1.0,,
016,0,1,460,463.2415,6A,1.832300000000032,0,0.5296847436094203,0,10.089546022530936,2.0,1.0,,
016,0,1,460,466.0731,PB,4.560599999999965,1,0.012664814119173685,0,2.178859346791499,0.0,0.0,,
