ID,ExpertLevel,Complexity,30sTnterval,start_transition,Source,Target,Weight,trans_duration,head_rotation_amplitude,trans_amplitude,trans_velocity
010,0,1,180,180.6985,6A,5A,1,0.19990000000001373,19.571138101919363,,
010,0,1,180,181.0323,5A,4A,1,0.16599999999999682,19.664346566971236,,
010,0,1,180,181.2314,4A,1A,1,0.13360000000000127,5.522975884009142,,
010,0,1,180,181.4644,1A,4B,1,0.633499999999998,10.22175498654267,,
010,0,1,180,182.6547,4B,4A,1,0.19960000000000377,1.120197034213426,,
010,0,1,180,182.9543,4A,4B,1,0.33320000000000505,0.4646896568614025,,
010,0,1,180,184.53,4B,PB,1,0.8654999999999973,71.06007045799942,,
010,0,1,180,197.1382,PB,5A,1,0.5652999999999793,92.4371582365727,,
010,0,1,180,197.9368,5A,2B,1,0.034099999999995134,0.5313685986228656,,
010,0,1,180,198.3372,2B,8A,1,0.0338000000000136,1.5253862525337158,,
010,0,1,180,198.4366,8A,2B,1,0.1004000000000076,2.247476643959252,,
010,0,1,180,198.6035,2B,5B,1,0.49969999999999004,1.671048352121387,,
010,0,1,180,200.036,5B,7A,1,0.3335999999999899,15.662333409886772,,
010,0,1,180,202.5348,7A,2A,1,0.9660000000000082,4.378764470209958,,
010,0,1,180,203.9343,2A,9A,1,0.8310999999999922,28.38108430949813,,
010,0,1,180,206.0318,9A,5B,1,0.29990000000000805,5.942958333455098,,
010,0,1,180,206.5981,5B,2B,1,0.03350000000000364,0.8294127690813431,,
010,0,1,180,206.8652,2B,8A,1,0.09940000000000282,3.0256023613089162,,
010,0,1,180,206.9985,8A,5A,1,0.03299999999998704,1.2330460583587524,,
010,0,1,180,207.0981,5A,4B,1,0.5996000000000095,17.08848295486732,,
010,0,1,180,207.964,4B,2A,1,0.0671000000000106,0.4935144575354613,,
