ID,ExpertLevel,Complexity,30sInterval,duration_start,Node,AOI_duration,clicked,pupil_diameter,controller_duration_on_aoi,distance_to_aoi,seating_row_aoi,seating_loc_aoi,controller_direction(pointing)_angle,duration_time_until_first fixation
016,0,0,20,21.64866,PB,5.37331,2,-0.23904289945984752,0,1.7588959028998057,0.0,0.0,,
016,0,0,20,47.92427,1B,0.0444000000000031,0,-0.24342155249447583,0,3.9865981016290917,1.0,-1.0,,
016,0,0,20,48.22513,2A,0.3322700000000012,0,-0.05384098820876158,0,2.9748042446720655,1.0,0.0,,
016,0,0,20,48.5574,2B,0.3662500000000008,0,0.004738434518511222,0,2.826657475370217,1.0,0.0,,
016,0,0,20,49.28917,PB,14.760670000000005,0,-0.2105736159865393,0,2.033028268241097,0.0,0.0,,
