ID,ExpertLevel,Complexity,30sInterval,duration_start,Node,AOI_duration,clicked,pupil_diameter,click_duration?,distance_to_aoi,controller_direction(pointing)_angle,controller_duration_on_AOI,duration_time_until_first fixation
016,0,0,60,60.00719,PB,14.760670000000005,0,-0.29296998668037727,,,,,
016,0,0,60,65.80508,2A,0.2340399999999931,0,-0.14228243820876155,,,,,
016,0,0,60,66.07178,2B,0.4329699999999974,0,-0.06859687667030001,,,,,
016,0,0,60,66.50475,2A,0.2666700000000048,0,0.002752411791238474,,,,,
016,0,0,60,67.00439,7A,0.2999399999999923,0,0.07162249512457183,,,,,
016,0,0,60,68.22608,1A,0.2665400000000062,0,0.10732466179123847,,,,,
016,0,0,60,68.82579,PB,4.021659999999997,1,-0.30077287121206187,,,,,
