ID,ExpertLevel,Complexity,30sTnterval,start_transition,Source,Target,Weight,trans_duration,head_rotation_amplitude,trans_amplitude,trans_velocity
016,0,0,30,47.34761,PB,1B,1,0.5766599999999968,78.98353549382725,,
016,0,0,30,48.1681,1B,2A,1,0.05702999999999747,5.042551868275062,,
016,0,0,30,48.52357,2A,2B,1,0.0338300000000018,1.425926580286152,,
016,0,0,30,48.89021,2B,PB,1,0.3989599999999953,89.48044893838824,,
