ID,ExpertLevel,Complexity,30sInterval,duration_start,Node,AOI_duration,clicked,pupil_diameter,controller_duration_on_aoi,distance_to_aoi,seating_row_aoi,seating_loc_aoi,controller_direction(pointing)_angle,duration_time_until_first fixation
016,0,1,500,500.017,PB,7.773099999999999,0,-0.16993681171869532,0.0,2.094929059396114,0.0,0.0,,
016,0,1,500,504.7159,4B,0.0760000000000218,0,0.08663831179123846,0.0,5.622186514107779,2.0,-1.0,,
016,0,1,500,505.4014,4A,0.6397999999999797,1,0.3451230691986459,1.3050000000000053,6.199533780671329,2.0,-1.0,,
016,0,1,500,508.4926,PB,4.914500000000032,2,-0.05334216040296078,0.0,2.1643339326135935,0.0,0.0,,
016,0,1,500,528.2179,4B,0.7631999999999834,0,0.13567559202379664,0.0,5.810420204919334,2.0,-1.0,,
016,0,1,500,529.9428,4A,0.3147999999999911,0,0.23050399512457176,0.0,6.211008178052054,2.0,-1.0,,
