ID,ExpertLevel,Complexity,30sTnterval,start_transition,Source,Target,Weight,trans_duration,head_rotation_amplitude,trans_amplitude,trans_velocity
012,0,1,300,300.1584,5B,5A,1,0.09920000000005302,1.6105661335517896,,
012,0,1,300,302.6184,1A,4B,1,0.8516999999999939,7.5072740428687865,,
012,0,1,300,303.5181,4B,8A,1,0.18439999999998236,11.600764849560834,,
012,0,1,300,303.7313,8A,9A,1,0.3117000000000303,17.732055355604547,,
012,0,1,300,304.1561,9A,6A,1,0.0332000000000221,0.6525444854054161,,
012,0,1,300,304.5223,6A,5B,1,0.3001000000000431,3.065278320455114,,
012,0,1,300,304.9557,5B,8A,1,0.16680000000002337,0.5431328437694516,,
012,0,1,300,305.2228,8A,5B,1,0.16620000000000346,8.379749788838247,,
012,0,1,300,305.489,5B,7A,1,0.06720000000001392,5.595900170079439,,
012,0,1,300,305.589,7A,7B,1,0.26670000000001437,5.866657321251356,,
012,0,1,300,306.1218,7B,PB,1,0.39879999999999427,83.15334112387319,,
012,0,1,300,308.4349,PB,2A,1,0.6751999999999612,81.78030802630146,,
012,0,1,300,309.2435,2A,5A,1,0.033299999999997,0.8731856869529935,,
012,0,1,300,309.3103,5A,2B,1,0.032199999999988904,0.6944735476577808,,
012,0,1,300,309.378,2B,5A,1,0.03180000000003247,0.8468114044325681,,
012,0,1,300,309.4764,5A,9A,1,0.20029999999997017,13.128305908797014,,
012,0,1,300,309.8427,9A,9B,1,0.0664000000000442,0.8833853547334423,,
012,0,1,300,310.0425,9B,6A,1,0.033299999999997,0.9753903520133473,,
012,0,1,300,311.1757,6A,5B,1,0.06630000000001246,1.645848336835801,,
012,0,1,300,311.2756,5B,8B,1,0.10000000000002274,1.0346710850234562,,
012,0,1,300,311.4091,8B,5B,1,0.13259999999996808,0.8381662917017261,,
012,0,1,300,311.7757,5B,9A,1,0.266900000000021,0.5963653588991451,,
012,0,1,300,312.1089,9A,5B,1,0.13339999999999463,1.9651546361963792,,
012,0,1,300,312.7758,5B,8A,1,0.2670999999999708,3.671876721335241,,
012,0,1,300,313.4077,8A,8B,1,0.26650000000000773,1.3613736383012867,,
012,0,1,300,320.3724,8B,4B,1,0.365099999999984,27.247784973079902,,
012,0,1,300,320.8709,4B,PB,1,0.33209999999996853,70.439355664013,,
