ID,ExpertLevel,Complexity,30sTnterval,start_transition,Source,Target,Weight,trans_duration,head_rotation_amplitude,trans_amplitude,trans_velocity
014,0,1,410,410.8097,8B,5B,1,0.13290000000000646,5.1131744895569256,,
014,0,1,410,415.842,8A,PB,1,0.6317000000000235,115.49922090391627,,
014,0,1,410,420.2932,PB,7A,1,0.3118000000000052,63.4614382864461,,
014,0,1,410,420.7928,7A,4B,1,0.026400000000023738,2.1081643255416047,,
014,0,1,410,420.8467,4B,7A,1,0.028200000000026648,0.5949548500469533,,
014,0,1,410,420.9604,7A,2A,1,0.05639999999999645,1.5239846266572634,,
014,0,1,410,421.2505,2A,2B,1,0.03289999999998372,1.0892693538131084,,
014,0,1,410,421.6833,2B,5B,1,0.03330000000005384,1.5882167820032662,,
014,0,1,410,421.8493,5B,6A,1,0.26629999999994425,6.045291752368302,,
014,0,1,410,422.7154,6A,3A,1,0.03309999999999036,0.0009752073348785473,,
014,0,1,410,424.4699,3A,6A,1,0.03509999999999991,1.3433053703957896,,
014,0,1,410,424.7362,6A,9B,1,0.03340000000002874,1.0502968724951351,,
014,0,1,410,424.8034,9B,6A,1,0.09940000000000282,7.460088153235008,,
014,0,1,410,426.6031,7B,5A,1,0.43250000000000455,4.934573469505782,,
014,0,1,410,428.9016,5A,PB,1,0.6650000000000205,102.8883537799916,,
014,0,1,410,437.333,PB,4A,1,0.5453999999999724,63.194983613914985,,
014,0,1,410,439.1194,4A,4B,1,0.10030000000000427,3.038050539114696,,
