ID,ExpertLevel,Complexity,30sInterval,duration_start,Node,AOI_duration,clicked,pupil_diameter,click_duration?,distance_to_aoi,controller_direction(pointing)_angle,controller_duration_on_AOI,duration_time_until_first fixation
016,0,0,540,540.7832,PB,6.186500000000024,0,0.052304370034188565,,,,,
016,0,0,540,552.4751,4A,0.2001000000000203,0,0.051136233219809854,,,,,
016,0,0,540,553.3248,1A,0.0995000000000345,0,0.22348705652808057,,,,,
016,0,0,540,554.756,PB,12.225400000000036,1,-0.030836455281932268,,,,,
