ID,ExpertLevel,Complexity,30sTnterval,start_transition,Source,Target,Weight,trans_duration,head_rotation_amplitude,trans_amplitude,trans_velocity
016,0,0,50,65.20519,PB,2A,1,0.599890000000002,80.14006837519813,,
016,0,0,50,66.00536,2A,2B,1,0.06642000000000792,3.196309444483891,,
016,0,0,50,66.47138,2B,2A,1,0.03337000000000501,0.7812647045979304,,
016,0,0,50,66.73801,2A,7A,1,0.26637999999999806,6.249065405107459,,
016,0,0,50,67.27132,7A,1A,1,0.9547599999999932,15.88979855759245,,
016,0,0,50,68.47041,1A,PB,1,0.3553799999999967,62.51253518056617,,
