ID,ExpertLevel,Complexity,30sInterval,duration_start,Node,AOI_duration,clicked,pupil_diameter,click_duration?,distance_to_aoi,controller_direction(pointing)_angle,controller_duration_on_AOI,duration_time_until_first fixation
016,0,1,480,480.0078,PB,15.461799999999982,1,-0.08993163115354681,,,,,
016,0,1,480,504.7159,4B,0.0760000000000218,0,0.08663831179123846,,,,,
016,0,1,480,505.4014,4A,0.6397999999999797,1,0.3451230691986459,,,,,
016,0,1,480,508.4926,PB,4.914500000000032,0,-0.07024466360558694,,,,,
