ID,condition,start_interval,start_transition,Node,AOI_duration,clicked,pupil_diameter,active_disruption,passive_disruption,number_clicked
016,E,540,552.1315,PB,5.040300000000002,0,0.052304370034188565,,,
016,E,540,552.9911,4A,0.0339000000000169,0,0.05830953679123843,,,
016,E,540,553.6906,1A,0.1999000000000705,0,0.1880940617912385,,,
016,E,540,553.7236,1B,0.0335000000000036,0,0.20888716179123845,,,
016,E,540,554.4238,1A,0.0326000000000021,0,0.25022043451851117,,,
016,E,540,569.9949,PB,5.103200000000015,1,-0.030841066221790846,,,
