ID,ExpertLevel,Complexity,30sTnterval,start_transition,Source,Target,Weight,trans_duration,head_rotation_amplitude,trans_amplitude,trans_velocity
014,0,1,420,420.2932,PB,7A,1,0.3118000000000052,63.4614382864461,,
014,0,1,420,420.7928,7A,4B,1,0.026400000000023738,2.1081643255416047,,
014,0,1,420,420.8467,4B,7A,1,0.028200000000026648,0.5949548500469533,,
014,0,1,420,420.9604,7A,2A,1,0.05639999999999645,1.5239846266572634,,
014,0,1,420,421.2505,2A,2B,1,0.03289999999998372,1.0892693538131084,,
014,0,1,420,421.6833,2B,5B,1,0.03330000000005384,1.5882167820032662,,
014,0,1,420,421.8493,5B,6A,1,0.26629999999994425,6.045291752368302,,
014,0,1,420,422.7154,6A,3A,1,0.03309999999999036,0.0009752073348785473,,
014,0,1,420,424.4699,3A,6A,1,0.03509999999999991,1.3433053703957896,,
014,0,1,420,424.7362,6A,9B,1,0.03340000000002874,1.0502968724951351,,
014,0,1,420,424.8034,9B,6A,1,0.09940000000000282,7.460088153235008,,
014,0,1,420,426.6031,7B,5A,1,0.43250000000000455,4.934573469505782,,
014,0,1,420,428.9016,5A,PB,1,0.6650000000000205,102.8883537799916,,
014,0,1,420,437.333,PB,4A,1,0.5453999999999724,63.194983613914985,,
014,0,1,420,439.1194,4A,4B,1,0.10030000000000427,3.038050539114696,,
014,0,1,420,439.419,4B,5B,1,0.6666999999999916,8.191183564890764,,
014,0,1,420,442.1183,5B,5A,1,0.06690000000003238,0.9096457582105231,,
014,0,1,420,442.7173,5A,5B,1,0.6673999999999864,22.242378528919584,,
014,0,1,420,443.6181,5B,9B,1,0.09919999999999618,2.568468369057772,,
014,0,1,420,443.7508,9B,6A,1,0.03319999999996526,0.08547268696955079,,
014,0,1,420,444.2175,6A,2B,1,0.09990000000004784,3.2350582885804933,,
014,0,1,420,444.8841,2B,7B,1,0.06670000000002574,1.9612729127725537,,
014,0,1,420,445.1164,7B,2A,1,0.03429999999997335,0.5194631639528886,,
014,0,1,420,445.4165,2A,4B,1,0.13330000000001974,4.9275639458556455,,
014,0,1,420,446.0826,4B,4A,1,0.4001999999999839,4.584674379604941,,
014,0,1,420,448.4483,2A,5B,1,0.06649999999996226,5.7383664157268,,
014,0,1,420,448.7149,5B,6A,1,0.0998000000000161,5.220727104873985,,
