ID,ExpertLevel,Complexity,30sTnterval,start_transition,Source,Target,Weight,trans_duration,head_rotation_amplitude,trans_amplitude,trans_velocity
016,0,0,530,530.2339,4A,4B,1,0.15590000000008786,0.7952494147103835,,
016,0,0,530,530.423,4B,1A,1,0.46630000000004657,3.5269165257940074,,
016,0,0,530,531.3226,1A,PB,1,0.5661000000000058,67.39198061645831,,
016,0,0,530,552.1315,PB,4A,1,0.34360000000003765,56.827947366774524,,
016,0,0,530,552.6478,4A,1A,1,0.6770000000000209,4.977364022556863,,
016,0,0,530,554.3567,1A,PB,1,0.3992999999999256,61.11276105206146,,
