ID,ExpertLevel,Complexity,30sInterval,duration_start,Node,AOI_duration,clicked,pupil_diameter,controller_duration_on_aoi,distance_to_aoi,seating_row_aoi,seating_loc_aoi,controller_direction(pointing)_angle,duration_time_until_first fixation
016,0,0,510,510.0043,PB,4.914500000000032,2,-0.05188345122246017,0,2.1552851316599373,0.0,0.0,,
016,0,0,510,528.2179,4B,0.7631999999999834,0,0.13567559202379664,0,5.810420204919334,2.0,-1.0,,
016,0,0,510,529.9428,4A,0.3147999999999911,0,0.22971749512457182,0,6.163139469317933,2.0,-1.0,,
016,0,0,510,530.3898,4B,0.0670000000000072,0,0.2956676617912385,0,5.68320947624282,2.0,-1.0,,
016,0,0,510,530.8893,1A,0.466199999999958,0,0.2851370189340956,0,5.1498752992356085,1.0,-1.0,,
016,0,0,510,531.8887,PB,6.722800000000007,0,0.035018745695348054,0,2.174664866813131,0.0,0.0,,
