ID,ExpertLevel,Complexity,30sInterval,duration_start,Node,AOI_duration,clicked,pupil_diameter,click_duration?,distance_to_aoi,controller_direction(pointing)_angle,controller_duration_on_AOI,duration_time_until_first fixation
015,1,1,390,390.0178,3B,0.4329000000000178,0,-0.08788518239596432,,,,,
015,1,1,390,390.1184,3A,0.161200000000008,0,-0.07953593239596428,,,,,
015,1,1,390,390.361,5B,0.6680000000000064,0,-0.01878777763405956,,,,,
015,1,1,390,391.3283,7B,0.8326999999999884,0,-0.0006310357292976754,,,,,
015,1,1,390,392.5275,4B,0.0669000000000323,0,0.010431484270702285,,,,,
015,1,1,390,393.5598,PB,3.2373000000000047,1,-0.39987407299802014,,,,,
015,1,1,390,400.7725,4B,0.0528000000000474,0,-0.35993401572929773,,,,,
015,1,1,390,400.8253,7A,0.2139999999999986,0,-0.36306014072929765,,,,,
015,1,1,390,401.0656,5A,0.0512999999999692,0,-0.1751272657292976,,,,,
015,1,1,390,401.1169,8A,0.0543999999999869,0,-0.20504226572929762,,,,,
015,1,1,390,401.1713,5A,0.230700000000013,0,-0.22325345322929763,,,,,
015,1,1,390,401.5352,9A,0.3670000000000186,0,-0.15578810663838857,,,,,
015,1,1,390,401.9358,6A,0.2670000000000527,0,-0.16267032822929764,,,,,
015,1,1,390,402.2028,9B,0.0656999999999925,0,-0.05986201572929761,,,,,
015,1,1,390,402.336,5B,0.4316000000000031,0,-0.017823246498528435,,,,,
015,1,1,390,402.7676,2B,0.4001999999999839,0,-0.10126518239596433,,,,,
015,1,1,390,403.1678,8A,0.4336999999999875,0,-0.0669312464985284,,,,,
015,1,1,390,403.6015,5B,0.2999000000000364,0,-0.20549046017374206,,,,,
015,1,1,390,403.9351,5A,0.1659999999999968,0,-0.22157651572929765,,,,,
015,1,1,390,404.2013,7B,0.0661999999999807,0,-0.27638426572929753,,,,,
015,1,1,390,404.7006,1A,0.1340000000000145,0,-0.07311639072929765,,,,,
015,1,1,390,405.1835,PB,1.633700000000033,0,-0.604354402092934,,,,,
015,1,1,390,407.9671,5B,0.0661999999999807,0,-0.027170706205488154,,,,,
015,1,1,390,409.6334,8B,0.1333999999999946,0,0.15186860927070234,,,,,
015,1,1,390,409.9657,5B,0.100999999999999,0,0.159124150937369,,,,,
015,1,1,390,410.0667,8B,0.0661999999999807,0,0.1856019842707024,,,,,
015,1,1,390,410.9994,5B,0.3666000000000053,0,0.5185546684812287,,,,,
015,1,1,390,411.8321,8B,0.1340999999999894,1,0.8147729676040357,,,,,
015,1,1,390,414.0653,5B,0.0658999999999991,0,1.010358484270702,,,,,
015,1,1,390,414.4308,8B,0.2999000000000364,1,0.9886974176040357,,,,,
015,1,1,390,418.0668,PB,2.793900000000008,0,-0.008145372872154834,,,,,
