ID,ExpertLevel,Complexity,30sTnterval,start_transition,Source,Target,Weight,trans_duration,head_rotation_amplitude,trans_amplitude,trans_velocity
010,0,1,450,451.6445,PB,2A,1,0.4521000000000299,61.50932596491833,,
010,0,1,450,452.1259,2A,2B,1,0.24389999999999645,9.591566601716128,,
010,0,1,450,454.4355,2B,2A,1,0.06630000000001246,1.2284447200149238,,
010,0,1,450,456.9998,2A,7B,1,0.09940000000000282,0.5409037580832887,,
010,0,1,450,457.2676,7B,5A,1,0.09799999999995634,0.7519124955979208,,
010,0,1,450,457.5656,5A,5B,1,0.20189999999996644,7.21962027508871,,
010,0,1,450,457.8319,5B,8B,1,0.033299999999997,0.5548773860655825,,
010,0,1,450,457.8985,8B,5B,1,0.03479999999996153,0.24203609862961883,,
010,0,1,450,457.9653,5B,8B,1,0.06709999999998217,0.7823068485515172,,
010,0,1,450,458.0987,8B,9B,1,0.5665000000000191,14.713946710764684,,
010,0,1,450,458.7981,9B,6A,1,0.06670000000002574,0.0992989489892171,,
010,0,1,450,459.3643,6A,3A,1,0.06689999999997553,1.5080184304206803,,
010,0,1,450,460.7309,3A,5B,1,0.2331999999999539,13.194474686929366,,
010,0,1,450,461.1971,5B,2B,1,0.03400000000004866,1.0478794635226798,,
010,0,1,450,462.3639,2B,2A,1,0.23270000000002256,6.214976785431933,,
010,0,1,450,462.6638,2A,4B,1,0.7656000000000063,8.114460870596758,,
010,0,1,450,463.4628,4B,2A,1,0.1998999999999569,8.021674435073997,,
010,0,1,450,463.9297,2A,4A,1,0.33279999999996335,3.3613579696827145,,
010,0,1,450,464.3625,4A,PB,1,0.8986999999999625,76.59496678793124,,
010,0,1,450,467.1946,4B,5A,1,0.5,15.062466656156268,,
010,0,1,450,468.5275,5A,8A,1,0.16680000000002337,4.409094242781375,,
010,0,1,450,468.7278,8A,9A,1,0.23279999999999745,5.987457943357469,,
010,0,1,450,469.993,9A,6A,1,0.28930000000002565,0.2136032048266987,,
010,0,1,450,470.3304,6A,8B,1,0.31810000000001537,14.041020268945847,,
010,0,1,450,470.7154,8B,5A,1,0.0998000000000161,5.434729048785643,,
010,0,1,450,470.8485,5A,2A,1,0.8000000000000114,6.445964594382257,,
010,0,1,450,475.457,PB,4B,1,0.54200000000003,58.90640639301205,,
010,0,1,450,476.0905,4B,7B,1,0.7332999999999856,3.2126258607891813,,
010,0,1,450,476.9237,7B,8A,1,0.29640000000000555,13.079162096406176,,
010,0,1,450,477.2518,8A,5B,1,0.021500000000003183,0.7942574771281983,,
010,0,1,450,477.9793,5B,1A,1,0.5326999999999771,48.89911524094894,,
010,0,1,450,478.5789,1A,PB,1,0.43250000000000455,25.049856406818947,,
