ID,ExpertLevel,Complexity,30sInterval,duration_start,Node,AOI_duration,clicked,pupil_diameter,controller_duration_on_aoi,distance_to_aoi,seating_row_aoi,seating_loc_aoi,controller_direction(pointing)_angle,duration_time_until_first fixation
014,0,0,30,30.14389,5B,0.2988999999999997,0,0.2946637003770263,0.0,4.571186613495129,2.0,0.0,,
014,0,0,30,30.51077,3A,2.0656899999999965,0,0.5833664924190682,0.0,3.387941482329204,1.0,1.0,,
014,0,0,30,33.26394,2B,0.5667800000000014,0,0.6177821676972878,0.0,2.8215255057706567,1.0,0.0,,
014,0,0,30,33.83072,5B,0.0668100000000038,0,0.4256647559325819,0.0,4.558360768892886,2.0,0.0,,
014,0,0,30,34.61897,4B,0.8668800000000019,0,0.5517294121825818,0.5321800000000032,5.443159122487548,2.0,-1.0,,
014,0,0,30,39.41735,2B,1.7998100000000008,0,0.5579166263029521,0.0,3.1618017340558,1.0,0.0,,
014,0,0,30,41.5829,2A,0.46678,0,0.5201203987897248,0.0,3.0442167752711335,1.0,0.0,,
014,0,0,30,42.08251,1B,0.3667900000000017,2,0.449441109143591,1.9645600000000034,4.212322738532794,1.0,-1.0,,
014,0,0,30,48.50216,6A,0.2335799999999963,0,-0.06759974406741816,0.0,5.988371104097148,2.0,1.0,,
014,0,0,30,48.90174,9B,0.0665700000000057,0,0.2813012559325816,0.0,7.073625539759288,3.0,1.0,,
014,0,0,30,48.96831,6A,0.6996499999999983,0,0.38666208093258186,0.0,5.32611813798367,2.0,1.0,,
014,0,0,30,50.60102,3A,0.3331000000000017,0,0.5728707559325817,0.0,3.4372694715706276,1.0,1.0,,
014,0,0,30,51.03361,6B,0.2006199999999935,0,0.4226547559325819,0.0,5.414092597593625,2.0,1.0,,
014,0,0,30,51.23423,3A,0.0664600000000064,0,0.4195267559325817,0.0,3.545110127348527,1.0,1.0,,
014,0,0,30,51.30069,6B,0.0667999999999935,0,0.47535500593258173,0.0,5.404975167489257,2.0,1.0,,
014,0,0,30,51.36749,3A,0.4326300000000032,0,0.5846759097787357,0.0,3.7859175281824062,1.0,1.0,,
014,0,0,30,51.80012,6B,0.3336400000000026,0,0.44488085593258175,0.0,5.3751649695914,2.0,1.0,,
014,0,0,30,52.40062,2B,2.0992899999999963,0,0.49139257339289927,0.0,2.8448581795440235,1.0,0.0,,
014,0,0,30,55.03249,4A,0.1993799999999979,0,0.532975755932582,0.0,5.909870958267128,2.0,-1.0,,
014,0,0,30,55.87707,PB,1.82132,1,-0.8151522088561506,0.0,1.9230560564372787,0.0,0.0,,
