ID,ExpertLevel,Complexity,30sInterval,duration_start,Node,AOI_duration,clicked,pupil_diameter,click_duration?,distance_to_aoi,controller_direction(pointing)_angle,controller_duration_on_AOI,duration_time_until_first fixation
013,0,0,210,210.0011,PB,4.730800000000016,0,-0.0847774624043647,,,,,
013,0,0,210,220.0497,4B,0.0882000000000005,0,-0.11280977126217362,,,,,
013,0,0,210,220.305,9A,0.2324999999999875,0,0.017806514452112104,,,,,
013,0,0,210,220.605,6B,0.0989000000000146,0,0.08375156207115968,,,,,
013,0,0,210,221.1034,PB,0.0994000000000028,0,-0.08871981455221686,,,,,
013,0,0,210,227.1234,4A,0.155399999999986,0,-0.08831402126217358,,,,,
013,0,0,210,227.3578,7B,0.1435999999999921,0,-0.013121971262173515,,,,,
013,0,0,210,227.5014,5B,0.1997000000000071,0,0.09152356207115975,,,,,
013,0,0,210,227.7347,6A,0.1663000000000067,0,0.20749412873782652,,,,,
013,0,0,210,227.9345,8B,0.3659999999999854,0,0.20870527419237186,,,,,
013,0,0,210,228.3005,5B,0.1673999999999864,0,0.3290581287378266,,,,,
013,0,0,210,228.4679,8B,0.0998000000000161,0,0.3317782287378264,,,,,
013,0,0,210,228.5677,5B,0.2329000000000007,0,0.3794211573092549,,,,,
013,0,0,210,228.8006,8B,0.099899999999991,0,0.4494412287378264,,,,,
013,0,0,210,228.9005,5B,0.1336000000000012,0,0.5104809787378265,,,,,
013,0,0,210,229.0341,8B,0.8336999999999932,1,0.4931678887378264,,,,,
013,0,0,210,229.941,5B,0.0608000000000004,0,0.49272922873782643,,,,,
013,0,0,210,230.0018,8B,0.8670999999999935,1,0.5283865556609033,,,,,
013,0,0,210,230.9345,5B,0.066299999999984,0,0.46427922873782657,,,,,
013,0,0,210,231.0008,8B,0.3333000000000083,0,0.4344367787378264,,,,,
013,0,0,210,231.3673,6A,0.2007000000000118,0,0.4820838120711597,,,,,
013,0,0,210,231.6662,7A,0.0666999999999973,0,0.5911064787378264,,,,,
013,0,0,210,232.0992,4A,0.0999999999999943,0,0.2890535620711596,,,,,
013,0,0,210,232.2673,8B,0.0652000000000043,0,0.43604272873782646,,,,,
013,0,0,210,232.3325,5B,0.2002999999999986,0,0.3236148954044931,,,,,
013,0,0,210,232.5659,6A,0.2339000000000055,0,0.46051837159496917,,,,,
013,0,0,210,233.2314,PB,2.315899999999999,0,0.02494098405697538,,,,,
