ID,ExpertLevel,Complexity,30sInterval,duration_start,Node,AOI_duration,clicked,pupil_diameter,controller_duration_on_aoi,distance_to_aoi,seating_row_aoi,seating_loc_aoi,controller_direction(pointing)_angle,duration_time_until_first fixation
016,0,1,320,320.0027,PB,7.1831000000000245,0,-0.16674063487834961,0,2.003195229353853,0.0,0.0,,
016,0,1,320,348.0919,5A,0.066599999999994,0,0.2765216617912386,0,4.743821423156174,2.0,0.0,,
016,0,1,320,348.2919,2A,0.2001000000000203,0,0.13703082845790512,0,3.087315757546343,1.0,0.0,,
016,0,1,320,348.5253,8A,0.4002999999999588,0,0.2902197034579051,0,6.324442062930633,3.0,0.0,,
016,0,1,320,348.9256,5A,2.202300000000037,0,0.25801216179123837,0,4.814218996893984,2.0,0.0,,
