ID,ExpertLevel,Complexity,30sInterval,duration_start,Node,AOI_duration,clicked,pupil_diameter,controller_duration_on_aoi,distance_to_aoi,seating_row_aoi,seating_loc_aoi,controller_direction(pointing)_angle,duration_time_until_first fixation
016,0,0,260,260.0222,PB,13.37239999999997,0,-0.16193212631851764,0,1.869266908741727,0.0,0.0,,
016,0,0,260,267.6682,4A,0.2368999999999914,0,-0.07334267154209484,0,6.170007852425295,2.0,-1.0,,
016,0,0,260,267.9384,2A,0.2001000000000203,0,-0.00021533820876151744,0,3.1716214935109655,1.0,0.0,,
016,0,0,260,268.1721,2B,0.3990999999999758,0,0.07931595345790508,0,2.9441583780613487,1.0,0.0,,
016,0,0,260,268.9038,PB,7.709499999999991,0,-0.10348528342152749,0,2.2392289090626436,0.0,0.0,,
