ID,ExpertLevel,Complexity,30sTnterval,start_transition,Source,Target,Weight,trans_duration,head_rotation_amplitude,trans_amplitude,trans_velocity
011,1,1,480,480.0889,3B,3A,1,0.033299999999997,0.27831019316580097,,
011,1,1,480,480.2226,3A,3B,1,0.3664999999999736,3.956470692662535,,
011,1,1,480,480.7554,3B,3A,1,0.03289999999998372,0.28482072934802005,,
011,1,1,480,480.8553,3A,5B,1,0.26799999999997226,39.19813039227015,,
011,1,1,480,481.1562,5B,5A,1,0.1671000000000049,8.282506741027003,,
011,1,1,480,481.3559,5A,7B,1,0.13339999999999463,7.469730219841105,,
011,1,1,480,481.7223,7B,7A,1,0.13299999999998136,1.199684092751351,,
011,1,1,480,486.5872,3B,6B,1,0.5350999999999999,9.10838201636453,,
011,1,1,480,487.519,6B,9B,1,0.09519999999997708,4.333999737031558,,
011,1,1,480,487.6576,9B,6A,1,0.02800000000002001,0.6047968427555475,,
011,1,1,480,489.631,6A,9A,1,0.16700000000003,0.6332027647728911,,
011,1,1,480,489.9647,9A,8B,1,0.06619999999998072,2.1286897029370864,,
011,1,1,480,490.2638,8B,8A,1,0.0332000000000221,1.808735676589798,,
011,1,1,480,490.4637,8A,5A,1,0.066599999999994,2.802657701407721,,
011,1,1,480,490.8633,5A,8B,1,0.5004000000000133,9.012938885634394,,
011,1,1,480,491.3967,8B,8A,1,0.0333999999999719,0.6598853254449182,,
011,1,1,480,491.664,8A,7A,1,0.4326000000000363,21.974535910080082,,
011,1,1,480,492.6297,7A,7B,1,0.08740000000000236,1.2418522180481801,,
011,1,1,480,492.9698,7B,7A,1,0.09699999999997999,0.8169140319094268,,
011,1,1,480,493.2837,7A,4A,1,0.19950000000000045,2.3793457585889755,,
011,1,1,480,493.5833,4A,PB,1,0.8618000000000166,84.77742483881894,,
011,1,1,480,499.7363,PB,7B,1,0.4936999999999898,94.14956731803797,,
011,1,1,480,500.2598,7B,5B,1,0.30920000000003256,0.6969532998268058,,
011,1,1,480,500.9356,5B,8B,1,0.13309999999995625,1.348553254001498,,
011,1,1,480,501.1359,8B,5B,1,0.23320000000001073,1.9416246318398969,,
011,1,1,480,506.1133,5B,8A,1,0.0998000000000161,0.4777835209333219,,
011,1,1,480,506.2468,8A,5B,1,0.03300000000001546,0.08911152644575893,,
011,1,1,480,506.7121,5B,8A,1,0.033699999999953434,0.1904666302678777,,
011,1,1,480,506.7792,8A,5B,1,0.0332000000000221,0.1646099045026297,,
011,1,1,480,508.1118,5B,8B,1,0.7995999999999981,7.072819027795839,,
