ID,ExpertLevel,Complexity,30sTnterval,start_transition,Source,Target,Weight,trans_duration,head_rotation_amplitude,trans_amplitude,trans_velocity
019,0,0,510,515.8,PB,4A,1,0.5586000000000695,78.32795891005108,,
019,0,0,510,516.5295,4A,4B,1,0.022699999999986176,1.0511921136422266,,
019,0,0,510,516.5798,4B,7A,1,0.020899999999983265,1.5974842225839794,,
019,0,0,510,516.6218,7A,6B,1,0.8514000000000124,45.197365279406384,,
019,0,0,510,517.7063,6B,3A,1,0.03309999999999036,0.6052002408943977,,
019,0,0,510,518.0062,3A,5B,1,0.4560999999999922,15.81179741121128,,
019,0,0,510,518.7282,5B,PB,1,0.4995000000000118,107.2106178794351,,
019,0,0,510,522.1775,PB,4A,1,0.48720000000002983,54.7843552383672,,
019,0,0,510,523.1154,4A,1B,1,0.09969999999998436,0.7340795354711602,,
019,0,0,510,523.4155,1B,PB,1,0.5588000000000193,54.565139383784086,,
019,0,0,510,527.3602,1B,4B,1,0.2764000000000806,11.85937580621749,,
019,0,0,510,527.9366,4B,7A,1,0.03350000000000364,0.24762325367503735,,
019,0,0,510,528.0369,7A,2A,1,0.15370000000007167,6.660647585824485,,
019,0,0,510,528.7106,2A,5A,1,0.027799999999956526,0.5724321102415182,,
019,0,0,510,529.0131,5A,7B,1,0.16620000000000346,8.29832538678656,,
019,0,0,510,529.9789,7B,6A,1,0.26710000000002765,28.119162091137554,,
019,0,0,510,530.4452,6A,6B,1,0.10000000000002274,0.28762416660496726,,
019,0,0,510,531.0449,6B,5B,1,0.9003000000000156,14.01269796603212,,
019,0,0,510,533.3443,5B,2B,1,0.03300000000001546,0.701353141971536,,
019,0,0,510,533.544,2B,8A,1,0.0664000000000442,0.9226995002152147,,
019,0,0,510,533.8441,8A,5A,1,0.23320000000001073,3.41974742999777,,
019,0,0,510,534.2441,5A,7B,1,0.033299999999940155,0.6678620810642997,,
019,0,0,510,534.4437,7B,4B,1,0.033599999999978536,1.155627648934427,,
019,0,0,510,536.6121,4A,2A,1,0.02179999999998472,0.5540117288472857,,
019,0,0,510,536.976,2A,7A,1,0.3994999999999891,4.247378670571624,,
019,0,0,510,537.8812,7A,1B,1,0.2682999999999538,6.743191152756189,,
019,0,0,510,538.5638,1B,4A,1,0.033599999999978536,0.043976492491005104,,
019,0,0,510,539.1519,4A,5B,1,0.19000000000005457,28.50656037857643,,
019,0,0,510,539.3622,5B,2B,1,0.07240000000001601,2.479840546744695,,
019,0,0,510,539.5265,2B,9A,1,0.28129999999998745,13.888947071448547,,
