ID,ExpertLevel,Complexity,30sTnterval,start_transition,Source,Target,Weight,trans_duration,head_rotation_amplitude,trans_amplitude,trans_velocity
019,0,1,120,120.118,5B,8A,1,0.030200000000007776,0.6341336270114635,,
019,0,1,120,120.1822,8A,5B,1,0.13220000000001164,3.2243083510622057,,
019,0,1,120,120.4145,5B,PB,1,0.5985000000000014,103.22378589414883,,
019,0,1,120,123.6704,PB,8A,1,0.9325999999999937,99.61451290211492,,
019,0,1,120,125.5024,8A,7A,1,0.4665999999999997,13.417332984441419,,
019,0,1,120,126.1026,7A,4B,1,0.03340000000000032,0.4158101472445104,,
019,0,1,120,126.369,4B,2A,1,0.3662999999999954,2.6421776698295005,,
019,0,1,120,127.6349,2A,7B,1,0.03359999999999275,0.22206685606852972,,
019,0,1,120,129.5105,7B,1A,1,0.36669999999998026,15.808641786353157,,
019,0,1,120,129.9432,1A,PB,1,0.4661000000000115,74.10350225743971,,
019,0,1,120,134.7639,9A,9B,1,0.06629999999998404,1.707620120172317,,
019,0,1,120,135.1975,9B,PB,1,0.7310999999999979,139.91479134469142,,
019,0,1,120,140.1393,PB,2B,1,0.5563999999999965,120.92995703798664,,
019,0,1,120,140.8293,2B,6A,1,0.4661000000000115,12.312863061210377,,
019,0,1,120,141.3953,6A,5B,1,0.0660000000000025,2.705857800097713,,
019,0,1,120,142.0945,5B,3B,1,0.33209999999999695,22.12646189960076,,
019,0,1,120,142.5937,3B,6B,1,0.03319999999999368,0.49790632623003717,,
019,0,1,120,142.8266,6B,6A,1,0.06759999999999877,2.201304516089664,,
019,0,1,120,143.0939,6A,PB,1,0.631699999999995,124.66228169947965,,
019,0,1,120,147.5132,PB,4A,1,0.6906999999999925,68.3803479833842,,
019,0,1,120,148.2251,4A,5A,1,0.3661999999999921,17.066120125241653,,
019,0,1,120,149.0929,5A,5B,1,0.03150000000002251,0.03079233421148153,,
019,0,1,120,149.3246,5B,8A,1,0.0327000000000055,0.04250397206841683,,
019,0,1,120,149.6907,8A,5B,1,0.033299999999997,0.3360112083871467,,
