ID,ExpertLevel,Complexity,30sTnterval,start_transition,Source,Target,Weight,trans_duration,head_rotation_amplitude,trans_amplitude,trans_velocity
013,0,1,480,490.3171,PB,7A,1,0.5123000000000388,70.66455476309636,,
013,0,1,480,490.8554,7A,2A,1,0.051000000000044565,3.7148563400133554,,
013,0,1,480,490.9338,2A,4B,1,0.19700000000000273,2.495026341666435,,
013,0,1,480,491.2311,4B,4A,1,0.03319999999996526,1.7178369823757116,,
013,0,1,480,491.5305,4A,4B,1,0.166499999999985,1.9465533919572806,,
013,0,1,480,492.2417,4B,7B,1,0.27640000000002374,1.933781673291051,,
013,0,1,480,492.5842,7B,8A,1,0.10019999999997253,1.9249500897363951,,
013,0,1,480,492.9511,8A,8B,1,0.06720000000001392,0.970782258560801,,
013,0,1,480,493.3173,8B,6A,1,0.06729999999998881,1.1401384721199754,,
013,0,1,480,494.7166,6A,6B,1,0.09979999999995925,0.5239516077440944,,
013,0,1,480,494.984,6B,6A,1,0.066599999999994,0.03291725313951943,,
013,0,1,480,498.816,8B,PB,1,0.8322000000000003,107.85579747835422,,
