ID,ExpertLevel,Complexity,30sTnterval,start_transition,Source,Target,Weight,trans_duration,head_rotation_amplitude,trans_amplitude,trans_velocity
016,0,1,500,503.9645,PB,4B,1,0.7513999999999896,86.16821588434647,,
016,0,1,500,505.1674,4B,4A,1,0.2340000000000373,2.78054881695698,,
016,0,1,500,507.9662,4A,PB,1,0.5263999999999669,72.63534917143053,,
016,0,1,500,527.9308,PB,4B,1,0.28710000000000946,59.62466938125323,,
016,0,1,500,529.8905,4B,4A,1,0.0523000000000593,0.0004249902815232076,,
