ID,ExpertLevel,Complexity,30sInterval,duration_start,Node,AOI_duration,clicked,pupil_diameter,click_duration?,distance_to_aoi,controller_direction(pointing)_angle,controller_duration_on_AOI,duration_time_until_first fixation
015,1,1,450,450.2242,1A,0.1338999999999828,0,0.04024273427070235,,,,,
015,1,1,450,451.0375,PB,2.8250999999999635,0,-0.5101211869004689,,,,,
015,1,1,450,454.5563,5A,0.169399999999996,0,-0.17760418239596434,,,,,
015,1,1,450,454.7257,5B,0.2520999999999844,0,-0.13416834906263098,,,,,
015,1,1,450,455.0121,6A,0.3328000000000202,0,0.028866834270702357,,,,,
015,1,1,450,455.9777,1A,0.0997999999999592,0,-0.06108818239596436,,,,,
015,1,1,450,456.3857,7A,0.1040000000000418,0,-0.15545289072929763,,,,,
015,1,1,450,456.6769,5B,0.333500000000015,0,-0.02289839072929765,,,,,
015,1,1,450,457.0439,6A,0.4997999999999933,0,0.09506018427070237,,,,,
015,1,1,450,458.4763,5B,0.3004000000000246,0,0.18024498427070235,,,,,
015,1,1,450,458.7767,8A,0.1676999999999679,0,0.09647628427070232,,,,,
015,1,1,450,458.9444,5B,0.4995000000000118,0,0.016897584270702336,,,,,
015,1,1,450,459.477,7B,0.2664000000000328,0,0.1093624842707023,,,,,
015,1,1,450,460.2755,1A,0.1003000000000042,0,-0.06555634906263097,,,,,
015,1,1,450,460.6743,PB,3.146199999999965,0,-0.4947116562251655,,,,,
015,1,1,450,464.234,1A,0.3198000000000434,0,-0.4355228907292976,,,,,
015,1,1,450,464.9734,1B,0.1665999999999599,0,-0.19161281572929764,,,,,
015,1,1,450,466.7388,PB,3.3829999999999814,0,-0.525782796032328,,,,,
015,1,1,450,471.4831,5B,0.066599999999994,0,-0.2823048907292976,,,,,
015,1,1,450,472.3498,3A,0.1666999999999916,0,-0.15077111572929755,,,,,
015,1,1,450,472.5165,6B,0.2994999999999663,0,-0.14791573795151983,,,,,
015,1,1,450,472.816,9B,0.3673000000000002,0,-0.0949540611838431,,,,,
015,1,1,450,473.216,9A,0.6761000000000195,0,-0.17950167482020676,,,,,
015,1,1,450,474.4256,8A,0.1334000000000514,0,-0.03195776572929776,,,,,
015,1,1,450,475.3238,PB,2.4221000000000004,0,-0.3649029388062207,,,,,
015,1,1,450,478.1399,1A,0.1146999999999707,0,-0.5409966407292977,,,,,
015,1,1,450,479.4566,1B,0.1210000000000377,0,-0.09237889072929767,,,,,
