ID,ExpertLevel,Complexity,30sInterval,duration_start,Node,AOI_duration,clicked,pupil_diameter,click_duration?,distance_to_aoi,controller_direction(pointing)_angle,controller_duration_on_AOI,duration_time_until_first fixation
014,0,1,180,180.5221,PB,1.7561000000000035,0,-0.7839181238142536,,,,,
014,0,1,180,182.5893,7A,0.0449999999999874,0,-0.2283499940674183,,,,,
014,0,1,180,182.6794,4B,0.0874000000000023,0,-0.1870060774007515,,,,,
014,0,1,180,182.8321,2B,0.6658999999999935,0,-0.09032541906741816,,,,,
014,0,1,180,183.498,5A,0.0671000000000106,0,0.10089275593258185,,,,,
014,0,1,180,183.5651,8A,0.2000999999999919,0,0.11639817259924852,,,,,
014,0,1,180,183.7652,5A,0.466399999999993,0,0.15232568450401038,,,,,
014,0,1,180,184.5314,3A,0.3996999999999957,0,0.31673979759924853,,,,,
014,0,1,180,184.9311,6A,0.2665000000000077,0,0.18921819343258178,,,,,
014,0,1,180,187.8961,4B,0.2667000000000143,0,-0.15136443156741813,,,,,
014,0,1,180,188.2297,4A,0.2329000000000007,0,0.031649970218296186,,,,,
014,0,1,180,189.4633,2B,0.6655000000000086,0,0.16370633093258183,,,,,
014,0,1,180,190.5621,6A,0.4996000000000151,0,0.15569895593258176,,,,,
014,0,1,180,191.883,9B,0.0669999999999788,0,0.31570975593258166,,,,,
014,0,1,180,191.95,6A,0.2998000000000047,0,0.2763217003770262,,,,,
014,0,1,180,192.3164,9B,0.0669000000000039,0,0.3122042559325817,,,,,
014,0,1,180,192.8488,PB,4.287499999999994,0,-0.7330431091467833,,,,,
014,0,1,180,197.8036,7B,0.1997000000000071,0,-0.24931424406741823,,,,,
014,0,1,180,198.07,4A,1.0990999999999929,0,-0.09405164406741819,,,,,
014,0,1,180,199.7352,2A,0.3007000000000062,0,0.18046936704369296,,,,,
014,0,1,180,200.0688,2B,1.1662999999999784,0,0.1576582618149348,,,,,
014,0,1,180,203.9006,6A,1.231899999999996,0,0.2950918938636163,,,,,
014,0,1,180,207.1989,5A,0.4000999999999806,0,0.1421487975992485,,,,,
014,0,1,180,207.599,8A,0.1328000000000031,0,0.16029900593258195,,,,,
014,0,1,180,207.7318,5A,0.0663000000000124,0,0.12144625593258196,,,,,
014,0,1,180,208.432,7A,0.0999000000000194,0,0.11345208926591506,,,,,
014,0,1,180,208.5982,4B,0.366800000000012,0,0.02999111956894549,,,,,
014,0,1,180,208.965,7A,0.1664000000000101,0,0.037227655932581885,,,,,
014,0,1,180,209.1314,4B,0.2331999999999823,0,0.10004961307543894,,,,,
014,0,1,180,209.3646,7A,0.1666000000000167,0,0.1070152559325818,,,,,
014,0,1,180,209.5644,5A,0.3336999999999932,0,0.20801940593258186,,,,,
