ID,ExpertLevel,Complexity,30sInterval,duration_start,Node,AOI_duration,clicked,pupil_diameter,controller_duration_on_aoi,distance_to_aoi,seating_row_aoi,seating_loc_aoi,controller_direction(pointing)_angle,duration_time_until_first fixation
016,0,0,80,80.01987,PB,14.30234,0,-0.2966687548754282,0.0,1.7584964407627979,0.0,0.0,,
016,0,0,80,95.01563,1A,0.0432899999999989,0,-0.1028785882087615,0.0,4.833321513784917,1.0,-1.0,,
016,0,0,80,95.2151,1B,0.0881799999999941,0,-0.08634371320876155,0.0,4.20835654893053,1.0,-1.0,,
016,0,0,80,95.69181,2A,0.300060000000002,0,0.03291627290234955,0.0,3.111713089141638,1.0,0.0,,
016,0,0,80,96.02479,2B,0.5999900000000054,0,0.05838721734679401,0.0,3.3035004412011904,1.0,0.0,,
016,0,0,80,96.62478,5B,0.2330599999999947,0,0.04615323321980983,0.0,4.631735664029945,2.0,0.0,,
016,0,0,80,96.85784,5A,3.731960000000001,1,0.23697701893409562,2.2648099999999944,4.938589144239273,2.0,0.0,,
016,0,0,80,101.2551,PB,8.453100000000006,0,-0.14688410346075093,0.0,2.269399879782993,0.0,0.0,,
