ID,ExpertLevel,Complexity,30sTnterval,start_transition,Source,Target,Weight,trans_duration,head_rotation_amplitude,trans_amplitude,trans_velocity
016,0,0,210,221.1172,PB,4A,1,0.5538999999999987,62.26953727325502,0.053050850982807214,0.09577694707132575
016,0,0,210,221.7379,4A,4B,1,0.09159999999999968,2.9523752228827576,0.5319761669454751,5.807600075823984
016,0,0,210,221.9922,4B,7B,1,0.09999999999999432,1.4535879998562038,0.08242344391615815,0.8242344391616283
016,0,0,210,222.3921,7B,PB,1,0.2990000000000066,81.40275152746992,0.008500709793893486,0.028430467538104676
016,0,0,210,235.2666,PB,4B,1,0.40739999999999554,64.78904760429388,0.010792046543682,0.026490050426318405
016,0,0,210,235.8414,4B,2A,1,0.33310000000000173,10.801307341916214,0.005602381392952442,0.016818917421051977
016,0,0,210,236.608,2A,2B,1,0.0327000000000055,0.3938515718516129,0.0035655259144901,0.10903748973974006
016,0,0,210,236.8085,2B,2A,1,0.0660999999999774,2.039418580347334,0.00822939962246489,0.12449923785881549
016,0,0,210,237.1407,2A,PB,1,0.5994999999999777,82.93849382540657,0.014774796113385103,0.0246451978538543
