ID,ExpertLevel,Complexity,30sInterval,duration_start,Node,AOI_duration,clicked,pupil_diameter,click_duration?,distance_to_aoi,controller_direction(pointing)_angle,controller_duration_on_AOI,duration_time_until_first fixation
010,0,1,180,180.0097,6A,0.855400000000003,0,0.07771692572849674,,,,,
010,0,1,180,180.8984,5A,0.169099999999986,0,0.1946008007284969,,,,,
010,0,1,180,181.1983,4A,0.0666000000000224,0,0.1192603007284967,,,,,
010,0,1,180,181.365,1A,0.1329999999999813,0,-0.006277199271503164,,,,,
010,0,1,180,182.0979,4B,0.5896999999999935,0,0.029976988228496648,,,,,
010,0,1,180,182.8543,4A,0.1332999999999913,0,0.19251992572849674,,,,,
010,0,1,180,183.2875,4B,1.2760000000000105,0,0.18957352024069182,,,,,
010,0,1,180,185.3955,PB,0.7670999999999992,0,-0.4778017076048366,,,,,
010,0,1,180,197.7035,5A,0.2674000000000092,0,-0.08129607427150337,,,,,
010,0,1,180,197.9709,2B,0.400100000000009,0,-0.11201494927150335,,,,,
010,0,1,180,198.371,8A,0.0992999999999995,0,-0.10456803260483676,,,,,
010,0,1,180,198.537,2B,0.099599999999981,0,-0.11318153260483665,,,,,
010,0,1,180,199.1032,5B,0.4327000000000112,0,0.043190600728496786,,,,,
010,0,1,180,200.3696,7A,0.1328000000000031,0,0.06836246739516343,,,,,
010,0,1,180,203.5008,2A,0.4658000000000015,0,0.09505205072849675,,,,,
010,0,1,180,204.7654,9A,0.1673000000000115,0,0.32713613406183006,,,,,
010,0,1,180,206.3317,5B,0.2998999999999796,0,0.1052809118396078,,,,,
010,0,1,180,206.6316,2B,0.2672000000000025,0,0.005862988228496735,,,,,
010,0,1,180,206.9646,8A,0.0669000000000039,0,0.02010905072849667,,,,,
010,0,1,180,207.0315,5A,0.1000999999999976,0,0.03348863406182989,,,,,
010,0,1,180,207.6977,4B,0.3001999999999896,0,-0.21589775482705895,,,,,
010,0,1,180,208.0311,2A,0.132899999999978,0,-0.2306024492715032,,,,,
