ID,ExpertLevel,Complexity,30sInterval,duration_start,Node,AOI_duration,clicked,pupil_diameter,click_duration?,distance_to_aoi,controller_direction(pointing)_angle,controller_duration_on_AOI,duration_time_until_first fixation
013,0,0,540,540.0206,8B,0.8673999999999751,0,0.4923037912378265,,,,,
013,0,0,540,540.3536,9B,0.1988999999999805,0,0.617442284293382,,,,,
013,0,0,540,541.2178,PB,0.9891000000000076,0,-0.12149170382479402,,,,,
013,0,0,540,554.1921,7B,0.0502999999999929,0,-0.1096190212621736,,,,,
013,0,0,540,554.4054,5B,0.3752000000000635,0,0.06899702040449303,,,,,
013,0,0,540,554.7806,8B,0.099999999999909,0,0.09058489540449315,,,,,
013,0,0,540,555.0137,7B,0.3007999999999811,0,0.36833989540449313,,,,,
013,0,0,540,555.6138,4B,0.1330000000000382,0,0.36435510373782637,,,,,
013,0,0,540,555.8135,4A,0.066599999999994,0,0.4930802287378264,,,,,
013,0,0,540,556.1137,5B,0.1005000000000109,0,0.29771806207115953,,,,,
013,0,0,540,556.2142,8B,1.1988999999999803,1,0.40188273854174794,,,,,
013,0,0,540,558.1461,6A,0.1668999999999414,0,0.45277772873782657,,,,,
013,0,0,540,558.4133,8B,0.2328999999999723,0,0.4237175144521122,,,,,
013,0,0,540,558.7131,6A,0.2333999999999605,1,0.48877994302354066,,,,,
013,0,0,540,559.0128,8B,0.366800000000012,0,0.44457281964691725,,,,,
013,0,0,540,559.6791,6B,0.2666000000000394,0,0.4884832912378265,,,,,
013,0,0,540,559.9789,9B,0.3001000000000431,0,0.3846711176267153,,,,,
013,0,0,540,560.279,3B,0.1665000000000418,0,0.5758995287378266,,,,,
013,0,0,540,560.4455,9B,0.6322999999999865,0,0.46699146557993165,,,,,
013,0,0,540,561.1106,9A,0.2667999999999892,0,0.4831133537378266,,,,,
013,0,0,540,561.3774,9B,0.4663000000000465,0,0.3826074346201794,,,,,
013,0,0,540,562.7772,3B,0.1667999999999665,0,0.47570722873782634,,,,,
013,0,0,540,563.0443,2B,0.1996000000000322,0,0.606198645404493,,,,,
013,0,0,540,563.2439,2A,0.1336999999999761,0,0.6037998537378263,,,,,
013,0,0,540,563.3776,7B,0.098700000000008,0,0.47420372873782624,,,,,
013,0,0,540,563.4763,2A,0.0990999999999076,0,0.39969739540449295,,,,,
013,0,0,540,563.8408,PB,0.5714000000000397,0,0.08110825254735024,,,,,
013,0,0,540,564.6618,1B,0.054300000000012,0,-0.20430752126217366,,,,,
013,0,0,540,564.7441,4A,0.0558999999999514,0,0.05344565730925499,,,,,
013,0,0,540,565.53,PB,0.2262000000000625,0,-0.11222959185040887,,,,,
