ID,ExpertLevel,Complexity,30sInterval,duration_start,Node,AOI_duration,clicked,pupil_diameter,controller_duration_on_aoi,distance_to_aoi,seating_row_aoi,seating_loc_aoi,active_disruption,passive_disruption,duration_time_until_first_fixation
016,0,0,540,540.7832,PB,6.186500000000024,0,0.052304370034188565,0,2.190392797415608,0.0,0.0,0,0,0.7831999999999653
016,0,0,540,552.4751,4A,0.2001000000000203,0,0.051136233219809854,0,6.104872480902115,2.0,-1.0,0,0,12.475099999999998
016,0,0,540,553.3248,1A,0.0995000000000345,0,0.22348705652808057,0,5.018887067499319,1.0,-1.0,0,1,13.324799999999982
016,0,0,540,554.756,PB,12.225400000000036,1,-0.030836455281932268,0,2.07445860487384,0.0,0.0,0,0,14.755999999999972
