ID,ExpertLevel,Complexity,30sTnterval,start_transition,Source,Target,Weight,trans_duration,head_rotation_amplitude,trans_amplitude,trans_velocity
016,0,0,220,221.1172,PB,4A,1,0.5538999999999987,62.26953727325502,,
016,0,0,220,221.7379,4A,4B,1,0.09159999999999968,2.9523752228827576,,
016,0,0,220,221.9922,4B,7B,1,0.09999999999999432,1.4535879998562038,,
016,0,0,220,222.3921,7B,PB,1,0.2990000000000066,81.40275152746992,,
016,0,0,220,235.2666,PB,4B,1,0.40739999999999554,64.78904760429388,,
016,0,0,220,235.8414,4B,2A,1,0.33310000000000173,10.801307341916214,,
016,0,0,220,236.608,2A,2B,1,0.0327000000000055,0.3938515718516129,,
016,0,0,220,236.8085,2B,2A,1,0.0660999999999774,2.039418580347334,,
016,0,0,220,237.1407,2A,PB,1,0.5994999999999777,82.93849382540657,,
