ID,ExpertLevel,Complexity,30sTnterval,start_transition,Source,Target,Weight,trans_duration,head_rotation_amplitude,trans_amplitude,trans_velocity
016,0,0,510,527.9308,PB,4B,1,0.28710000000000946,59.62466938125323,,
016,0,0,510,529.8905,4B,4A,1,0.0523000000000593,0.0004249902815232076,,
016,0,0,510,530.2339,4A,4B,1,0.15590000000008786,0.7952494147103835,,
016,0,0,510,530.423,4B,1A,1,0.46630000000004657,3.5269165257940074,,
016,0,0,510,531.3226,1A,PB,1,0.5661000000000058,67.39198061645831,,
