ID,ExpertLevel,Complexity,30sInterval,duration_start,Node,AOI_duration,clicked,pupil_diameter,click_duration?,distance_to_aoi,controller_direction(pointing)_angle,controller_duration_on_AOI,duration_time_until_first fixation
016,0,0,270,270.0155,PB,7.709499999999991,0,-0.09435110487542821,,,,,
016,0,0,270,292.172,5A,0.1999999999999886,0,0.05470991179123841,,,,,
016,0,0,270,292.572,4B,0.099899999999991,0,0.015214995124571843,,,,,
016,0,0,270,292.8384,9A,0.2008000000000152,0,0.10005391179123846,,,,,
016,0,0,270,293.0721,9B,0.3328999999999951,0,0.12009316179123845,,,,,
016,0,0,270,293.4381,9A,0.0677999999999769,0,0.2194919117912385,,,,,
016,0,0,270,293.7046,3B,0.2009999999999649,0,0.4533227451245718,,,,,
016,0,0,270,294.4038,PB,6.175999999999988,1,0.07143095204547574,,,,,
