ID,ExpertLevel,Complexity,30sTnterval,start_transition,Source,Target,Weight,trans_duration,head_rotation_amplitude,trans_amplitude,trans_velocity
013,0,1,120,122.9698,8B,2A,1,0.06609999999999161,3.292811439925014,,
013,0,1,120,123.1695,2A,PB,1,0.4654000000000025,82.89592618223816,,
013,0,1,120,129.3885,PB,1B,1,0.37930000000000064,55.41702549704059,,
013,0,1,120,129.9564,1B,1A,1,0.06499999999999773,1.4198041029027948,,
013,0,1,120,133.3871,1A,2A,1,0.066599999999994,1.287494871540332,,
013,0,1,120,134.6424,2A,7B,1,0.03340000000000032,0.3195154101292452,,
013,0,1,120,135.0753,7B,2A,1,0.03309999999999036,0.33474574700274573,,
013,0,1,120,135.2424,2A,7B,1,0.03350000000000364,0.08983571926512468,,
013,0,1,120,135.5092,7B,2A,1,0.03480000000001837,0.012463950035829896,,
013,0,1,120,135.9415,2A,7B,1,0.03360000000000696,0.11974817315601882,,
013,0,1,120,136.0751,7B,2A,1,0.03350000000000364,0.06420454811539855,,
013,0,1,120,136.2423,2A,7B,1,0.03290000000001214,0.03264887474913181,,
013,0,1,120,136.3111,7B,2A,1,0.03099999999997749,0.04592654480846292,,
013,0,1,120,136.6416,2A,7B,1,0.03289999999998372,0.026052139551129727,,
013,0,1,120,136.8416,7B,3A,1,0.09999999999999432,7.893991964577488,,
013,0,1,120,137.3408,3A,6B,1,0.2668999999999926,2.7781719735795,,
013,0,1,120,137.7743,6B,6A,1,0.03260000000000218,0.229750139258176,,
013,0,1,120,139.5412,6A,9A,1,0.03319999999999368,0.2188007029628123,,
013,0,1,120,139.7405,9A,9B,1,0.06780000000000541,0.0019035002466942785,,
013,0,1,120,139.94,9B,5B,1,0.06680000000000064,0.6113110609409338,,
013,0,1,120,140.2734,5B,8A,1,0.03350000000000364,1.4776210688534936,,
013,0,1,120,140.5742,8A,5B,1,0.065400000000011,0.2009738201395006,,
013,0,1,120,140.873,5B,8B,1,0.2008000000000152,4.11672076333214,,
013,0,1,120,141.2396,8B,5B,1,0.0338000000000136,0.1726042114443196,,
013,0,1,120,141.4395,5B,4A,1,0.4000999999999806,3.032429800368355,,
013,0,1,120,142.0726,4A,1B,1,0.03319999999999368,1.237554092098879,,
013,0,1,120,142.139,1B,2A,1,0.3329999999999984,5.84100330366908,,
013,0,1,120,142.7384,2A,4A,1,0.06629999999998404,8.65826902064017,,
013,0,1,120,142.9047,4A,PB,1,0.19939999999999714,36.32025061623682,,
