ID,ExpertLevel,Complexity,30sInterval,duration_start,Node,AOI_duration,clicked,pupil_diameter,controller_duration_on_aoi,distance_to_aoi,seating_row_aoi,seating_loc_aoi,controller_direction(pointing)_angle,duration_time_until_first fixation
016,0,0,530,530.0242,4A,0.3147999999999911,0,0.22945532845790517,0,6.147183233073226,2.0,-1.0,,
016,0,0,530,530.3898,4B,0.0670000000000072,0,0.2956676617912385,0,5.68320947624282,2.0,-1.0,,
016,0,0,530,530.8893,1A,0.466199999999958,0,0.2851370189340956,0,5.1498752992356085,1.0,-1.0,,
016,0,0,530,531.8887,PB,6.722800000000007,0,0.045601312521650145,0,2.184293785814116,0.0,0.0,,
016,0,0,530,552.4751,4A,0.2001000000000203,0,0.051136233219809854,0,6.104872480902115,2.0,-1.0,,
016,0,0,530,553.3248,1A,0.0995000000000345,0,0.22348705652808057,0,5.018887067499319,1.0,-1.0,,
016,0,0,530,554.756,PB,12.225400000000036,1,-0.058423279523315524,0,2.0338974574169515,0.0,0.0,,
