ID,ExpertLevel,Complexity,30sTnterval,start_transition,Source,Target,Weight,trans_duration,head_rotation_amplitude,trans_amplitude,trans_velocity
015,1,1,300,306.2674,2B,2A,1,0.10030000000000427,5.833384959885247,,
015,1,1,300,306.4007,2A,PB,1,0.9436000000000035,93.30700641591156,,
015,1,1,300,313.9849,6A,5B,1,0.10009999999999764,5.013619870649426,,
015,1,1,300,314.4851,5B,7B,1,0.066599999999994,3.268162793351607,,
015,1,1,300,314.9516,7B,7A,1,0.03380000000004202,0.35880826475607464,,
015,1,1,300,315.1517,7A,6A,1,0.3324999999999818,31.206715322219996,,
015,1,1,300,317.984,6A,5B,1,0.266900000000021,12.495270413684798,,
015,1,1,300,318.4502,5B,8B,1,0.034100000000023556,0.7552725289701958,,
015,1,1,300,318.5171,8B,5B,1,0.10009999999999764,0.15458975087495475,,
015,1,1,300,324.3888,4B,5B,1,0.10480000000001155,6.406983567114107,,
015,1,1,300,324.7245,5B,6A,1,0.06630000000001246,5.094050296242992,,
015,1,1,300,324.9902,6A,9B,1,0.400100000000009,10.494619362246546,,
015,1,1,300,325.59,9B,3B,1,0.06660000000005084,1.7502065857956843,,
015,1,1,300,325.8232,3B,3A,1,0.10040000000003602,0.4739038158256861,,
015,1,1,300,325.9898,3A,PB,1,0.5992999999999711,126.87218865262918,,
