ID,ExpertLevel,Complexity,30sTnterval,start_transition,Source,Target,Weight,trans_duration,head_rotation_amplitude,trans_amplitude,trans_velocity
014,0,0,90,90.25084,5B,5A,1,0.0327000000000055,0.38688798828427107,,
014,0,0,90,90.31735,5A,8A,1,0.0328399999999931,0.8221345020919868,,
014,0,0,90,90.38406,8A,5A,1,0.03324999999999534,1.0816592691008182,,
014,0,0,90,90.45097,5A,8A,1,0.033770000000004075,1.168807736873859,,
014,0,0,90,90.6834,8A,5A,1,0.035669999999996094,0.18673484945601793,,
014,0,0,90,90.75179,5A,8A,1,0.03279000000000565,0.20042535143002382,,
014,0,0,90,90.81808,8A,5A,1,0.03345000000000198,0.10973645546447841,,
014,0,0,90,90.91818,5A,8A,1,0.03358999999998957,0.16388102185114128,,
014,0,0,90,90.98387,8A,5A,1,0.03345000000000198,0.6925414058151116,,
014,0,0,90,92.21779,5A,8A,1,0.03332000000000335,0.08569364567219573,,
014,0,0,90,92.28452,8A,5A,1,0.09999999999999432,0.23609754174103692,,
014,0,0,90,93.28305,5A,8A,1,0.1324599999999947,0.9920929406510233,,
014,0,0,90,93.44888,8A,5A,1,0.03479000000000099,0.41795259969341814,,
014,0,0,90,93.74884,5A,7B,1,0.06686000000000547,2.4329315525313415,,
014,0,0,90,93.88226,7B,PB,1,0.63185,97.50183148559265,,
014,0,0,90,103.8785,7A,PB,1,0.4981999999999971,101.45283597236238,,
014,0,0,90,105.8095,PB,4B,1,0.4895000000000067,69.75356950921193,,
014,0,0,90,106.3438,4B,7A,1,0.06879999999999598,6.292752778651199,,
014,0,0,90,106.4322,7A,2B,1,0.09080000000000155,6.399710797306289,,
014,0,0,90,107.5544,2B,6A,1,0.1991000000000014,8.101220375582841,,
014,0,0,90,108.1531,6A,3A,1,0.03330000000001121,0.29562546236986265,,
014,0,0,90,108.4862,3A,6B,1,0.03340000000000032,0.11725670658096377,,
014,0,0,90,108.831,6B,3A,1,0.02209999999999468,0.02412930765178345,,
014,0,0,90,111.6518,3A,9A,1,0.06660000000000821,0.4273699854744599,,
014,0,0,90,111.7851,9A,5B,1,0.3341000000000065,10.339479810694895,,
014,0,0,90,112.2179,5B,8B,1,0.033799999999999386,1.9963956109893424,,
014,0,0,90,112.4195,8B,5B,1,0.032300000000006435,1.2609307811213848,,
014,0,0,90,112.7848,5B,2B,1,0.03340000000000032,0.4724405426004701,,
014,0,0,90,113.2517,2B,PB,1,0.6646000000000072,99.4837388375079,,
014,0,0,90,115.3075,PB,4A,1,0.22099999999998943,43.63413138463948,,
014,0,0,90,115.7315,4A,7B,1,0.13000000000000966,0.5846486151440402,,
014,0,0,90,116.0614,7B,2A,1,0.06689999999998975,0.5454926901579888,,
014,0,0,90,118.4605,2A,7B,1,0.06680000000000064,0.6325106868839292,,
014,0,0,90,118.6607,7B,1B,1,0.8656999999999897,16.512083766408455,,
