ID,ExpertLevel,Complexity,30sTnterval,start_transition,Source,Target,Weight,trans_duration,head_rotation_amplitude,trans_amplitude,trans_velocity
016,0,1,170,170.2269,8A,2B,1,0.1997000000000071,8.559393309903086,,
016,0,1,170,170.5598,2B,PB,1,0.9457999999999913,95.93367928237592,,
016,0,1,170,189.8727,PB,2A,1,0.599899999999991,86.82698047958384,,
016,0,1,170,190.7057,2A,2B,1,0.06680000000000064,2.6532590085869217,,
016,0,1,170,190.8057,2B,8A,1,0.10020000000000095,2.0002600596004925,,
016,0,1,170,190.9392,8A,2B,1,0.033299999999997,0.14756387948980887,,
016,0,1,170,191.0056,2B,5B,1,0.0332000000000221,0.7782272779764057,,
016,0,1,170,191.0723,5B,PB,1,0.3656000000000006,93.66968716820458,,
