ID,condition,start_interval,start_transition,Node,AOI_duration,clicked,pupil_diameter,active_disruption,passive_disruption
016,0,240,267.2831,PB,13.37239999999997,1,-0.09845733642623032,,
016,0,240,267.8719,4A,0.1229000000000155,0,-0.07869133820876151,,
016,0,240,268.1053,2A,0.2001000000000203,0,-0.00021533820876151744,,
016,0,240,268.1385,5A,0.0335999999999785,0,0.018915161791238422,,
016,0,240,268.5379,2B,0.3990999999999758,0,0.07931595345790508,,
016,0,240,269.9956,PB,7.709499999999991,0,-0.18803906161301687,,
