ID,ExpertLevel,Complexity,30sTnterval,start_transition,Source,Target,Weight,trans_duration,head_rotation_amplitude,trans_amplitude,trans_velocity
016,0,1,330,348.1252,5A,2A,1,0.16669999999999163,0.8312681518672136,,
016,0,1,330,348.4583,2A,8A,1,0.06700000000000728,1.1018823061970267,,
016,0,1,330,348.8921,8A,5A,1,0.033499999999946795,2.0669993089328997,,
016,0,1,330,351.0923,5A,5B,1,0.09979999999995925,1.3105658230826407,,
016,0,1,330,351.5571,5B,5A,1,0.034199999999998454,0.06955552740141613,,
016,0,1,330,351.8906,5A,7B,1,0.03350000000000364,1.095366988512957,,
016,0,1,330,352.1909,7B,5A,1,0.032500000000027285,0.6723833663654339,,
016,0,1,330,352.3903,5A,PB,1,0.299699999999973,78.86303884449515,,
