ID,ExpertLevel,Complexity,30sTnterval,start_transition,Source,Target,Weight,trans_duration,head_rotation_amplitude,trans_amplitude,trans_velocity
020,0,1,390,392.6813,PB,4B,1,0.4450999999999681,74.3814915051398,,
020,0,1,390,393.407,4B,7B,1,0.36590000000001055,2.0308526740819772,,
020,0,1,390,393.8066,7B,PB,1,0.4316000000000031,76.93111234065803,,
020,0,1,390,394.8403,PB,2A,1,0.41929999999996426,72.25169133483215,,
020,0,1,390,395.3568,2A,5B,1,0.08159999999998035,6.513945098470675,,
020,0,1,390,395.7717,5B,9B,1,0.13479999999998427,9.7549570651274,,
020,0,1,390,396.1045,9B,2A,1,0.8324000000000069,40.0631235840005,,
020,0,1,390,397.4044,2A,4A,1,0.29939999999999145,0.8448876134654242,,
020,0,1,390,397.736,4A,5B,1,0.10020000000002938,12.463447523212597,,
020,0,1,390,398.2029,5B,8B,1,0.2336999999999989,4.258003192682238,,
020,0,1,390,398.7366,8B,9A,1,0.09969999999998436,2.1174229797981186,,
020,0,1,390,399.1043,9A,8B,1,0.1986999999999739,2.3986164250830395,,
020,0,1,390,399.6046,8B,6B,1,0.13150000000001683,11.407808201326873,,
020,0,1,390,399.8352,6B,3B,1,0.16700000000003,1.735385740664464,,
020,0,1,390,400.1692,3B,1B,1,0.565400000000011,57.63993253184396,,
020,0,1,390,400.7682,1B,1A,1,0.19990000000001373,20.781348105088632,,
020,0,1,390,401.1676,1A,PB,1,0.19929999999999382,53.12166128696313,,
020,0,1,390,404.5918,PB,1B,1,0.8979000000000497,80.95486163940342,,
020,0,1,390,405.7233,1B,5A,1,0.10129999999998063,8.469639845846842,,
020,0,1,390,406.2563,5A,5B,1,0.033999999999991815,1.298123440385048,,
020,0,1,390,406.4573,5B,6A,1,0.06580000000002428,1.6169664046518548,,
020,0,1,390,406.6898,6A,1B,1,0.398900000000026,54.00608257677405,,
020,0,1,390,407.1227,1B,PB,1,0.3643999999999892,64.29052906022217,,
020,0,1,390,414.004,PB,4B,1,0.34159999999997126,66.77738838142385,,
020,0,1,390,414.3669,4B,8A,1,0.276800000000037,17.909330093238733,,
020,0,1,390,414.7748,8A,5B,1,0.13489999999995916,6.592000155990739,,
020,0,1,390,414.9413,5B,8B,1,0.10099999999999909,2.349539724313132,,
020,0,1,390,415.8423,8B,6A,1,0.13279999999997472,1.5430565789541903,,
020,0,1,390,416.2747,6A,9B,1,0.06670000000002574,3.1214050274168352,,
020,0,1,390,417.7065,9B,7B,1,0.39999999999997726,57.953836439163986,,
020,0,1,390,418.1733,7B,1B,1,0.1330000000000382,2.4284335116409395,,
020,0,1,390,418.3405,1B,PB,1,0.29839999999995825,87.64319747555845,,
