ID,ExpertLevel,Complexity,30sTnterval,start_transition,Source,Target,Weight,trans_duration,head_rotation_amplitude,trans_amplitude,trans_velocity
020,0,0,540,540.1512,4B,7A,1,0.033699999999953434,0.5972969995869022,,
020,0,0,540,540.451,7A,5B,1,0.066599999999994,4.971620650540736,,
020,0,0,540,540.8185,5B,6A,1,0.06770000000005894,3.842475653724139,,
020,0,0,540,541.018,6A,9B,1,0.03379999999992833,0.554955070639439,,
020,0,0,540,544.1506,5B,8B,1,0.03309999999999036,0.5908249409624258,,
020,0,0,540,544.25,8B,5B,1,0.03380000000004202,0.16071261220114508,,
020,0,0,540,544.7164,5B,8A,1,0.033599999999978536,0.37305708736724874,,
020,0,0,540,545.3836,8A,5B,1,0.03330000000005384,0.25909273027134816,,
020,0,0,540,545.5165,5B,8A,1,0.03350000000000364,0.02242112487095227,,
020,0,0,540,546.183,8A,5B,1,0.033599999999978536,0.14794025111458886,,
020,0,0,540,546.5162,5B,8A,1,0.03379999999992833,0.4524615918333552,,
020,0,0,540,546.7151,8A,7A,1,0.46630000000004657,19.42570903662119,,
020,0,0,540,547.3146,7A,1A,1,0.7326999999999089,27.83980062322798,,
020,0,0,540,548.114,1A,PB,1,0.213799999999992,41.828480849847054,,
020,0,0,540,550.1308,PB,1B,1,0.41819999999995616,50.569427964714635,,
020,0,0,540,550.79,1B,5A,1,0.5788000000000011,28.17913477972063,,
020,0,0,540,551.8352,5A,9A,1,0.1331000000000131,13.259710113874199,,
020,0,0,540,557.277,1B,5A,1,0.5331999999999653,17.80056376486128,,
020,0,0,540,557.8771,5A,7B,1,0.1999999999999318,8.359449530140946,,
020,0,0,540,563.5006,PB,4A,1,0.22300000000007003,51.41313139380565,,
020,0,0,540,564.0328,4A,5A,1,0.08210000000008222,5.765246985356711,,
020,0,0,540,564.8091,5A,9B,1,0.23270000000002256,15.513828033367746,,
020,0,0,540,568.1116,3B,6A,1,0.12200000000007094,14.00160248419793,,
020,0,0,540,568.3851,6A,5B,1,0.09950000000003456,8.158173774086318,,
020,0,0,540,568.7498,5B,7B,1,0.09999999999990905,6.476427381659036,,
020,0,0,540,569.1167,7B,5B,1,0.06700000000000728,1.5253142202100207,,
