ID,ExpertLevel,Complexity,30sTnterval,start_transition,Source,Target,Weight,trans_duration,head_rotation_amplitude,trans_amplitude,trans_velocity
028,0,1,390,390.2518,7A,PB,1,0.3322000000000003,66.66860644622969,,
028,0,1,390,400.7734,PB,4B,1,0.7847000000000435,77.60131029674315,,
028,0,1,390,401.7914,4B,PB,1,0.6990999999999872,69.09649059145815,,
028,0,1,390,413.2449,PB,7A,1,0.30030000000004975,67.39613775613994,,
028,0,1,390,413.5752,7A,4B,1,0.03269999999997708,2.889366332448091,,
028,0,1,390,413.7088,4B,7A,1,0.099899999999991,1.9067692713165059,,
028,0,1,390,414.1082,7A,1A,1,0.6958999999999946,17.70448233349221,,
028,0,1,390,415.1298,1A,4A,1,0.033299999999997,0.4779591812593793,,
028,0,1,390,415.2961,4A,4B,1,0.30019999999996116,1.3527089833669592,,
028,0,1,390,416.7512,7A,8A,1,0.3346000000000231,14.447963754660737,,
028,0,1,390,417.2189,8A,4B,1,0.20009999999996353,5.141590592704201,,
028,0,1,390,417.8182,4B,2A,1,0.03289999999998372,0.0867385928471407,,
028,0,1,390,418.0851,2A,5A,1,0.7339999999999804,12.854342185721112,,
028,0,1,390,418.8549,5A,7B,1,0.09649999999999181,5.32702380037381,,
028,0,1,390,419.0517,7B,PB,1,0.43130000000002156,86.94448102348878,,
