ID,ExpertLevel,Complexity,30sTnterval,start_transition,Source,Target,Weight,trans_duration,head_rotation_amplitude,trans_amplitude,trans_velocity
020,0,0,0,0.1778221,4A,1B,1,0.190814,0.3291801451314811,,
020,0,0,0,0.8220644,1B,PB,1,0.5553326,59.805094840183685,,
020,0,0,0,4.231359,PB,1A,1,0.3550849999999999,47.851493618734104,,
020,0,0,0,4.60876,1A,7A,1,0.20019899999999957,18.632261122714254,,
020,0,0,0,4.831143,7A,5B,1,0.22243700000000022,16.741760278106558,,
020,0,0,0,5.142224,5B,6A,1,0.09977800000000059,8.318198086836698,,
020,0,0,0,5.908259,6A,3A,1,0.0332889999999999,0.03646946625559977,,
020,0,0,0,6.819064,3A,3B,1,0.044190000000000396,0.7996917825677219,,
020,0,0,0,7.352479,3B,2A,1,0.22239900000000024,38.30306198866532,,
020,0,0,0,7.874816,2A,1B,1,0.3660579999999998,8.144165588782627,,
020,0,0,0,8.585433,1B,PB,1,0.31046500000000066,49.07344562539544,,
020,0,0,0,12.91674,2A,7B,1,0.11071999999999882,0.16276703467794817,,
020,0,0,0,13.4273,7B,4A,1,0.13350999999999935,0.2911396201420686,,
020,0,0,0,13.71698,4A,1B,1,0.043870000000000076,0.14269457029610066,,
020,0,0,0,21.69154,PB,4B,1,0.19969000000000037,64.80340725106441,,
020,0,0,0,21.96134,4B,5B,1,0.1958100000000016,10.23839801270427,,
020,0,0,0,22.17941,5B,8A,1,0.022659999999998348,1.4521010949954487,,
020,0,0,0,22.31252,8A,6B,1,0.1774300000000011,27.808721924771312,,
020,0,0,0,23.4119,6B,6A,1,0.06714000000000198,0.7569797715325723,,
020,0,0,0,23.9674,6A,5B,1,0.06669999999999732,12.27771382643548,,
020,0,0,0,24.06826,5B,8A,1,0.09936000000000078,6.414673124142837,,
020,0,0,0,24.20049,8A,PB,1,0.8445,98.71310325926378,,
020,0,0,0,26.64643,PB,4B,1,0.4438600000000008,92.96637087248726,,
020,0,0,0,27.13332,4B,5B,1,0.08938999999999808,8.91413244105096,,
020,0,0,0,27.42253,5B,6A,1,0.06558000000000064,4.159105748547988,,
020,0,0,0,27.92311,6A,PB,1,0.6639699999999991,104.55337207099312,,
020,0,0,0,29.47789,PB,2B,1,0.35763999999999996,84.70217749514563,,
