ID,ExpertLevel,Complexity,30sInterval,duration_start,Node,AOI_duration,clicked,pupil_diameter,click_duration?,distance_to_aoi,controller_direction(pointing)_angle,controller_duration_on_AOI,duration_time_until_first fixation
028,0,1,360,360.0237,7A,2.1240999999999985,1,0.3156692550468091,,,,,
028,0,1,360,362.2869,PB,3.345700000000022,0,-0.12600235974735313,,,,,
028,0,1,360,369.7148,4A,0.0529999999999972,0,-0.37225086532356133,,,,,
028,0,1,360,369.8458,2A,0.1308999999999969,0,-0.2764810653235613,,,,,
028,0,1,360,370.1609,2B,0.2992999999999597,0,-0.0965714208791168,,,,,
028,0,1,360,370.8271,2A,0.0998000000000161,0,0.045388968009772025,,,,,
028,0,1,360,371.2836,PB,0.6217000000000326,0,0.10735220967643873,,,,,
028,0,1,360,372.2804,2A,0.3625000000000113,0,-0.07545476532356127,,,,,
028,0,1,360,372.739,7A,0.2665000000000077,0,0.04544819717643869,,,,,
028,0,1,360,373.305,PB,1.3666000000000054,0,0.008432720497334241,,,,,
028,0,1,360,380.2693,1B,0.0701999999999998,0,0.0166638013431053,,,,,
028,0,1,360,380.4087,5A,0.2488999999999919,0,0.10250491245421649,,,,,
028,0,1,360,381.1237,9B,0.1999000000000137,0,0.16598021800977203,,,,,
028,0,1,360,381.4235,9A,0.100400000000036,0,0.17298780134310535,,,,,
028,0,1,360,381.5239,6A,0.0668999999999755,0,0.20272363467643872,,,,,
028,0,1,360,381.6898,5B,0.0670999999999821,0,0.21795563467643875,,,,,
028,0,1,360,381.7569,8B,0.1002000000000293,0,0.1373713013431054,,,,,
028,0,1,360,382.2576,5B,0.599899999999991,0,0.24622969023199426,,,,,
028,0,1,360,382.8575,8B,0.0996999999999843,0,0.2337408013431054,,,,,
028,0,1,360,383.0239,5B,0.0669999999999504,0,0.2736346346764388,,,,,
028,0,1,360,383.0909,8B,0.6993000000000507,1,0.2892615632478673,,,,,
028,0,1,360,384.1896,4A,0.0998000000000161,0,0.27379496800977204,,,,,
028,0,1,360,384.5559,PB,3.573699999999974,1,-0.10643942875767978,,,,,
028,0,1,360,389.7867,1B,0.0984000000000264,0,-0.05843736532356125,,,,,
028,0,1,360,389.8851,4B,0.1000999999999976,0,-0.046598865323561244,,,,,
028,0,1,360,389.9852,7A,0.2998000000000047,0,-0.06548436532356128,,,,,
