ID,ExpertLevel,Complexity,30sTnterval,start_transition,Source,Target,Weight,trans_duration,head_rotation_amplitude,trans_amplitude,trans_velocity
024,1,1,180,182.5433,PB,5A,1,0.5766000000000133,65.5678064106861,,
024,1,1,180,183.4867,5A,2B,1,0.03459999999998331,0.7208426333774742,,
024,1,1,180,184.9542,5B,2B,1,0.032100000000014006,0.38293024538858234,,
024,1,1,180,185.1861,2B,PB,1,0.6320999999999799,78.58670855208366,,
024,1,1,180,186.8177,PB,4A,1,0.2727999999999895,48.1984705855102,,
024,1,1,180,187.158,4A,7B,1,0.5383000000000209,9.303033177939458,,
024,1,1,180,187.7295,7B,5A,1,0.03309999999999036,0.8258972632059702,,
024,1,1,180,188.1625,5A,9A,1,0.10030000000000427,6.64263136612959,,
024,1,1,180,188.6953,9A,2B,1,0.4000000000000057,1.9093041460421292,,
024,1,1,180,189.2955,2B,8A,1,0.03309999999999036,0.7521692719670656,,
024,1,1,180,189.4284,8A,5A,1,0.10089999999999577,0.9335045564961921,,
024,1,1,180,192.0943,5A,PB,1,0.5653999999999826,96.06117821890183,,
024,1,1,180,194.4489,PB,2A,1,0.2926999999999964,49.558234239673084,,
024,1,1,180,195.3035,2A,4B,1,0.033599999999978536,0.9564052243795871,,
024,1,1,180,195.4703,4B,2A,1,0.10009999999999764,0.034606581831365446,,
024,1,1,180,196.8033,2A,PB,1,0.4988999999999919,59.401683276701235,,
024,1,1,180,199.7038,PB,4B,1,0.6007999999999925,37.648592094578966,,
024,1,1,180,200.3917,4B,7A,1,0.13350000000002638,5.281269976198573,,
024,1,1,180,202.9036,PB,1A,1,0.2411999999999921,34.04073143204752,,
024,1,1,180,205.4204,PB,2A,1,0.6356000000000108,63.29619994389991,,
024,1,1,180,206.6545,2A,1B,1,0.13329999999999131,6.847963540687267,,
024,1,1,180,206.9209,1B,PB,1,0.6984000000000208,53.99308605821351,,
024,1,1,180,208.343,PB,2A,1,0.28820000000001755,46.39929750369078,,
024,1,1,180,208.6534,2A,5A,1,0.02339999999998099,2.297223158949663,,
024,1,1,180,208.7531,5A,2B,1,0.03480000000001837,1.1573204371361392,,
