ID,condition,start_interval,start_transition,Node,AOI_duration,clicked,pupil_diameter,active_disruption,passive_disruption
028,0,570,589.7017,PB,0.4169000000000551,0,-0.14662171862429477,,
028,0,570,590.3219,4A,0.2771000000000185,0,0.023318452858256945,,
028,0,570,590.5972,2A,0.1334999999999127,0,0.1450355346764387,,
028,0,570,590.8972,2B,0.265700000000038,0,0.11762813467643879,,
028,0,570,591.1302,4B,0.1330000000000382,0,0.13118825967643866,,
028,0,570,597.487,PB,2.104199999999992,0,0.0008632907850359896,,
028,0,570,598.561,1A,0.1668000000000802,0,0.09013388467643872,,
028,0,570,599.9291,PB,1.063199999999938,0,0.08759450676946194,,
