ID,ExpertLevel,Complexity,30sTnterval,start_transition,Source,Target,Weight,trans_duration,head_rotation_amplitude,trans_amplitude,trans_velocity
024,1,0,510,511.9922,PB,2A,1,0.28919999999993706,62.370907266477246,,
024,1,0,510,512.3087,2A,5A,1,0.11669999999992342,10.963139287914531,,
024,1,0,510,512.543,5A,2B,1,0.030300000000011096,0.16614349442992982,,
024,1,0,510,512.6013,2B,7B,1,0.029199999999946158,0.5351908099835292,,
024,1,0,510,513.0762,7B,2A,1,0.8327000000000453,23.006442810767485,,
024,1,0,510,514.2805,2A,7A,1,0.02719999999999345,0.16043845921187128,,
024,1,0,510,516.4514,1A,2B,1,0.1329999999999245,7.410074023134001,,
024,1,0,510,516.6177,2B,5B,1,0.033699999999953434,1.6571975063592497,,
024,1,0,510,517.1845,5B,9B,1,0.06680000000005748,2.8816555044613574,,
024,1,0,510,517.6174,9B,PB,1,0.49869999999998527,99.19339004150365,,
024,1,0,510,522.8387,PB,5B,1,0.5212000000000216,80.17167251980652,,
024,1,0,510,523.6709,5B,PB,1,0.5321999999999889,78.72049253748943,,
024,1,0,510,526.7139,PB,5A,1,0.3128000000000384,60.61430399632651,,
024,1,0,510,527.0834,5A,2B,1,0.03200000000003911,1.11382077665289,,
024,1,0,510,527.3469,2B,8B,1,0.09960000000000946,1.6053656287533453,,
024,1,0,510,527.7468,8B,9A,1,0.09939999999994598,2.2295170389000294,,
024,1,0,510,527.9801,9A,PB,1,0.6657000000000153,74.3175178825104,,
024,1,0,510,530.2317,PB,5B,1,0.5507999999999811,61.8734834747101,,
024,1,0,510,531.1346,5B,9A,1,0.06680000000005748,2.492454399989274,,
024,1,0,510,531.6008,9A,6A,1,0.03350000000000364,0.4148437001484231,,
024,1,0,510,531.6674,6A,5B,1,0.0667999999999438,2.220628402085321,,
024,1,0,510,531.8681,5B,2B,1,0.032500000000027285,1.5981678299079345,,
024,1,0,510,532.1003,2B,7A,1,0.06720000000007076,2.287330597751481,,
024,1,0,510,532.6328,7A,4B,1,0.033200000000078944,0.2358250938064188,,
024,1,0,510,532.8337,4B,8A,1,0.1998999999999569,8.717388698055117,,
024,1,0,510,533.1334,8A,5B,1,0.23289999999997235,8.802882921846232,,
024,1,0,510,533.4005,5B,8B,1,0.1329000000000633,2.903770756015052,,
024,1,0,510,533.6337,8B,9A,1,0.13340000000005148,2.440643635521666,,
024,1,0,510,533.8669,9A,6A,1,0.0322999999999638,0.12157332082014038,,
024,1,0,510,534.0325,6A,PB,1,0.6327999999999747,95.13272723375809,,
024,1,0,510,535.0834,PB,9A,1,0.5515000000000327,89.35323414654104,,
024,1,0,510,538.1876,9A,PB,1,0.5312000000000126,83.10617327265525,,
