ID,ExpertLevel,Complexity,30sTnterval,start_transition,Source,Target,Weight,trans_duration,head_rotation_amplitude,trans_amplitude,trans_velocity
028,0,0,570,589.7017,PB,4A,1,0.3666000000000622,55.55111639781966,,
028,0,0,570,590.3219,4A,2A,1,0.175200000000018,13.711778823404028,,
028,0,0,570,590.5972,2A,2B,1,0.06739999999990687,6.113686468204172,,
028,0,0,570,590.8972,2B,4B,1,0.1331000000000131,10.729530784457463,,
028,0,0,570,591.1302,4B,PB,1,0.9923000000000002,75.71141753680641,,
028,0,0,570,597.487,PB,1A,1,0.9397999999999911,61.770975819015156,,
028,0,0,570,598.561,1A,PB,1,0.33190000000001874,46.734856822233894,,
