ID,condition,start_interval,start_transition,Node,AOI_duration,pupil_diameter,active_disruption,passive_disruption,number_clicked
023,E,240,242.4632,PB,2.42349999999999,,,,
023,E,240,242.9009,1A,0.0235999999999876,,,,
023,E,240,242.9489,4B,0.0241000000000042,,,,
023,E,240,243.2047,2A,0.2654999999999745,,,,
023,E,240,243.5391,2B,0.299699999999973,,,,
023,E,240,243.9382,9A,0.2009000000000185,,,,
023,E,240,244.6708,6A,0.4335000000000093,,,,
023,E,240,245.3711,3A,0.4004000000000189,,,,
023,E,240,246.004,6B,0.6323999999999899,,,,
023,E,240,247.6586,3B,0.4230000000000018,,,,
023,E,240,247.726,6A,0.0339999999999918,,,,
023,E,240,247.9594,8B,0.0324999999999988,,,,
023,E,240,248.292,2B,0.3336000000000183,,,,
023,E,240,248.3255,8A,0.0327000000000055,,,,
023,E,240,248.9918,5B,0.6666999999999916,,,,
023,E,240,249.3248,7B,0.2326999999999941,,,,
023,E,240,249.5243,4A,0.1333999999999946,,,,
023,E,240,249.658,1A,0.0326000000000021,,,,
023,E,240,256.8109,PB,0.3464000000000169,,,,
023,E,240,257.2537,1B,0.0260000000000104,,,,
023,E,240,257.4812,4B,0.150100000000009,,,,
023,E,240,260.9119,PB,0.5841000000000349,,,,
023,E,240,261.2977,1A,0.0249000000000023,,,,
023,E,240,261.5219,4A,0.2011999999999716,,,,
023,E,240,261.5979,2A,0.0255999999999971,,,,
023,E,240,261.8491,2B,0.028599999999983,,,,
023,E,240,261.8777,8A,0.0251999999999839,,,,
023,E,240,261.9747,2B,0.0971000000000117,,,,
023,E,240,262.0,8A,0.0319000000000073,,,,
023,E,240,262.0651,2B,0.0663999999999873,,,,
023,E,240,262.5645,5B,0.4993999999999801,,,,
023,E,240,262.8976,9A,0.2995999999999981,,,,
023,E,240,263.1978,5B,0.232499999999959,,,,
023,E,240,263.2304,8B,0.0337000000000102,,,,
023,E,240,263.7637,9B,0.0342000000000553,,,,
023,E,240,264.0641,6A,0.2993999999999914,,,,
023,E,240,264.3638,5B,0.2667000000000143,,,,
023,E,240,264.3974,8B,0.032699999999977,,,,
023,E,240,264.4637,5B,0.0669000000000323,,,,
023,E,240,264.5303,8B,0.0668000000000006,,,,
023,E,240,264.6306,5B,0.1003000000000042,,,,
023,E,240,264.9307,8B,0.2995999999999981,,,,
023,E,240,264.9637,5B,0.0335999999999785,,,,
023,E,240,265.0969,8B,0.1329000000000064,,,,
023,E,240,265.1975,5B,0.1003000000000042,,,,
023,E,240,265.2305,8B,0.0330999999999903,,,,
023,E,240,265.4298,5B,0.200300000000027,,,,
023,E,240,265.6299,8B,0.1993999999999687,,,,
023,E,240,265.6633,5B,0.0337999999999851,,,,
023,E,240,265.6971,7B,0.0329000000000405,,,,
023,E,240,268.4707,PB,2.1765000000000327,,,,
023,E,240,269.887,7A,0.0512999999999692,,,,
023,E,240,269.9955,2A,0.1077000000000225,,,,
