ID,ExpertLevel,Complexity,30sTnterval,start_transition,Source,Target,Weight,trans_duration,head_rotation_amplitude,trans_amplitude,trans_velocity
022,0,1,480,481.5352,8B,6A,1,0.06589999999999918,1.2323868244629423,,
022,0,1,480,484.132,6A,2B,1,0.46699999999998454,26.582317930076236,,
022,0,1,480,484.9319,2B,2A,1,0.03370000000001028,1.6317420950481214,,
022,0,1,480,485.2656,2A,4A,1,0.4375,9.77429031491323,,
022,0,1,480,486.0655,4A,1B,1,0.13210000000003674,8.221432818530545,,
022,0,1,480,486.2648,1B,PB,1,0.46450000000004366,54.79963059951539,,
022,0,1,480,488.84,PB,2A,1,0.35890000000000555,78.15176922251868,,
022,0,1,480,489.2738,2A,7B,1,0.05079999999998108,1.5645443671693755,,
022,0,1,480,489.439,7B,5A,1,0.048199999999951615,1.2310001646053728,,
022,0,1,480,489.6411,5A,4A,1,0.3675999999999817,17.575909726421813,,
022,0,1,480,491.9415,4A,4B,1,0.03269999999997708,0.15637456820724793,,
022,0,1,480,492.3082,4B,4A,1,0.032500000000027285,0.12938228768526727,,
022,0,1,480,492.7733,4A,5B,1,0.3675999999999817,15.482675754955448,,
022,0,1,480,496.9598,PB,4B,1,0.30380000000002383,59.705621561702685,,
022,0,1,480,497.3898,4B,7A,1,0.200300000000027,5.861261192606094,,
022,0,1,480,497.6141,7A,4A,1,0.05099999999998772,0.4992047705498237,,
022,0,1,480,498.6614,4A,4B,1,0.025899999999978718,0.3980744777315621,,
022,0,1,480,500.4258,4B,7A,1,0.03380000000004202,0.10726882128311033,,
022,0,1,480,500.9589,7A,4B,1,0.03299999999995862,0.21268517382541674,,
022,0,1,480,501.8911,4B,5B,1,0.099899999999991,3.1578284892478337,,
022,0,1,480,502.4578,5B,8B,1,0.033299999999997,0.5338553006684439,,
022,0,1,480,506.8895,8B,9A,1,0.133199999999988,5.737130461059851,,
022,0,1,480,507.1223,9A,6A,1,0.033999999999991815,1.1512989859081504,,
022,0,1,480,507.4896,6A,9B,1,0.03289999999998372,0.12656266605068822,,
022,0,1,480,507.7886,9B,3A,1,0.03380000000004202,0.10985863126066953,,
022,0,1,480,508.3232,3A,PB,1,0.841700000000003,133.5826502024202,,
