ID,ExpertLevel,Complexity,30sInterval,duration_start,Node,AOI_duration,clicked,pupil_diameter,click_duration?,distance_to_aoi,controller_direction(pointing)_angle,controller_duration_on_AOI,duration_time_until_first fixation
028,0,0,570,570.0157,PB,4.119599999999991,0,-0.1467328714435123,,,,,
028,0,0,570,590.0683,4A,0.2771000000000185,0,0.023318452858256945,,,,,
028,0,0,570,590.4971,2A,0.1334999999999127,0,0.1527778846764387,,,,,
028,0,0,570,590.6646,2B,0.265700000000038,0,0.11762813467643879,,,,,
028,0,0,570,591.0303,4B,0.1330000000000382,0,0.13118825967643866,,,,,
028,0,0,570,592.1225,PB,2.8792000000000826,0,-0.0006118425962885678,,,,,
028,0,0,570,598.4268,1A,0.1668000000000802,0,0.10776863467643868,,,,,
028,0,0,570,598.8929,PB,1.063199999999938,0,0.07704352104007506,,,,,
