ID,ExpertLevel,Complexity,30sTnterval,start_transition,Source,Target,Weight,trans_duration,head_rotation_amplitude,trans_amplitude,trans_velocity
024,1,0,60,60.32963,7A,4B,1,0.09940999999999889,1.2852006995495842,,
024,1,0,60,60.46251,4B,5B,1,0.2668299999999988,13.188958797192534,,
024,1,0,60,60.79609,5B,2B,1,0.0997600000000034,4.219668393094729,,
024,1,0,60,60.92932,2B,5B,1,0.03346000000000515,0.9523784744912351,,
024,1,0,60,61.4954,5B,5A,1,0.0673100000000062,1.5474334647941959,,
024,1,0,60,61.59542,5A,1B,1,0.2668900000000036,19.070857248267966,,
024,1,0,60,61.89544,1B,1A,1,0.09993999999999659,0.813463807229688,,
024,1,0,60,62.12847,1A,2A,1,0.23344999999999771,9.981299910361685,,
024,1,0,60,62.59567,2A,7A,1,0.03305000000000291,0.2216222896264206,,
024,1,0,60,62.91752,7A,4B,1,0.023389999999999134,0.8013326198481039,,
024,1,0,60,62.98404,4B,4A,1,0.04449000000000325,3.219282378893652,,
024,1,0,60,63.05024,4A,PB,1,0.5656399999999948,64.28768688791062,,
024,1,0,60,65.26114,PB,2A,1,0.22162000000000148,63.59184236548641,,
024,1,0,60,65.51607,2A,5A,1,0.10035000000000593,6.714605672319679,,
024,1,0,60,65.64972,5A,5B,1,0.1007099999999923,0.0012449486323475867,,
024,1,0,60,66.0162,5B,2B,1,0.3335000000000008,1.0002442090994177,,
024,1,0,60,66.68265,2B,8A,1,0.03412000000000148,0.20780444956356092,,
024,1,0,60,66.78256,8A,5B,1,0.03443999999998937,0.00499672993678324,,
024,1,0,60,68.11578,5B,PB,1,0.3652500000000032,68.8114345673805,,
024,1,0,60,74.04562,PB,8B,1,0.42292000000000485,87.6304278616621,,
024,1,0,60,76.16777,8B,2B,1,0.16637999999998954,3.225942306184903,,
024,1,0,60,76.56815,2B,2A,1,0.06591000000000236,1.71882738216539,,
024,1,0,60,77.00078,2A,7A,1,0.06693999999998823,1.9537741817919496,,
024,1,0,60,81.91971,PB,7A,1,0.3112200000000058,48.10876306265948,,
024,1,0,60,82.25403,7A,2A,1,0.26604000000000383,18.245471351094757,,
024,1,0,60,86.22868,PB,4B,1,0.334140000000005,58.4552951041728,,
024,1,0,60,86.65421,4B,9A,1,0.4302500000000009,22.398952024093205,,
024,1,0,60,87.11807,9A,6A,1,0.03368999999999289,0.2822669141327474,,
024,1,0,60,87.41719,6A,8B,1,0.40035999999999206,1.7233171881330795,,
024,1,0,60,88.18401,8B,8A,1,0.033090000000001396,0.43938053374071906,,
024,1,0,60,88.51746,8A,5B,1,0.03307999999999822,0.18950878753191525,,
024,1,0,60,88.88361,5B,9A,1,0.13289999999999225,4.476313894222356,,
024,1,0,60,89.48354,9A,2B,1,0.06636999999999205,1.3783946214015117,,
