ID,ExpertLevel,Complexity,30sTnterval,start_transition,Source,Target,Weight,trans_duration,head_rotation_amplitude,trans_amplitude,trans_velocity
027,0,1,480,480.4453,6A,8B,1,0.33310000000000173,3.93014217323887,,
027,0,1,480,480.8448,8B,6A,1,0.13369999999997617,1.2205835347113627,,
027,0,1,480,481.2787,6A,1B,1,0.3990000000000009,41.32008893626892,,
027,0,1,480,483.2773,9A,6A,1,0.03319999999996526,0.21275347816952017,,
027,0,1,480,485.4769,6A,6B,1,0.03269999999997708,0.09167782326118434,,
027,0,1,480,485.71,6B,6A,1,0.03340000000002874,0.14679752129907397,,
027,0,1,480,485.8764,6A,2B,1,0.06639999999998736,1.1224256984501515,,
027,0,1,480,486.0764,2B,3A,1,0.06620000000003756,1.4795106358934307,,
027,0,1,480,486.3428,3A,1B,1,0.3340999999999781,33.6289693907035,,
027,0,1,480,486.7425,1B,4B,1,0.06639999999998736,3.9057198636043964,,
027,0,1,480,487.2751,4B,PB,1,0.43849999999997635,56.51366097120956,,
027,0,1,480,496.4718,PB,8A,1,0.4341000000000008,68.90278246683944,,
027,0,1,480,496.9315,8A,9B,1,0.16519999999997026,12.334431299274884,,
027,0,1,480,497.2161,9B,9A,1,0.09960000000000946,1.6613651244479701,,
027,0,1,480,497.3499,9A,6A,1,0.032300000000020646,0.14638156793771984,,
027,0,1,480,497.8487,6A,3A,1,0.03319999999996526,0.07816509782751169,,
027,0,1,480,498.215,3A,8B,1,0.5004000000000133,5.8553928169351135,,
027,0,1,480,498.8149,8B,5B,1,0.133199999999988,1.5424269510639825,,
027,0,1,480,499.2153,5B,8B,1,0.09949999999997772,0.20323226683404272,,
027,0,1,480,499.5149,8B,8A,1,0.13269999999999982,1.443695382218812,,
027,0,1,480,499.8813,8A,2A,1,0.033299999999997,0.23749533848489968,,
027,0,1,480,500.1813,2A,2B,1,0.03429999999997335,0.9380400633880068,,
027,0,1,480,500.5812,2B,5B,1,0.033699999999953434,0.3201702081137334,,
