ID,ExpertLevel,Complexity,30sInterval,duration_start,Node,AOI_duration,clicked,pupil_diameter,click_duration?,distance_to_aoi,controller_direction(pointing)_angle,controller_duration_on_AOI,duration_time_until_first fixation
020,0,1,360,360.3202,7B,0.1333000000000197,0,-0.31682350283384475,,,,,
020,0,1,360,360.6532,8B,0.1012999999999806,0,0.010742122166155369,,,,,
020,0,1,360,361.0886,5B,1.032100000000014,1,0.08424292861776819,,,,,
020,0,1,360,362.2554,2B,0.0980000000000131,0,0.16218278883282186,,,,,
020,0,1,360,362.5211,5A,0.0984000000000264,0,0.22473912216615535,,,,,
020,0,1,360,362.7183,6A,0.2001000000000203,0,0.23559045549948857,,,,,
020,0,1,360,363.0514,9B,0.0998000000000161,0,0.2729897888328219,,,,,
020,0,1,360,363.1845,3B,0.2342999999999619,0,0.2961340507375838,,,,,
020,0,1,360,363.7191,4B,0.1318999999999732,0,0.3927139971661553,,,,,
020,0,1,360,364.0179,1B,0.2332000000000107,0,0.33956040788044106,,,,,
020,0,1,360,364.8183,4A,0.1324999999999931,0,0.1894956221661553,,,,,
020,0,1,360,365.0506,1A,0.8663000000000238,1,0.22977619908923225,,,,,
020,0,1,360,366.1156,PB,6.176000000000045,1,-0.3345374854035658,,,,,
020,0,1,360,372.8167,4A,0.0503999999999678,0,-0.06167362783384478,,,,,
020,0,1,360,372.9936,4B,0.1323999999999614,0,0.06259992216615537,,,,,
020,0,1,360,374.0594,7A,0.4661000000000399,0,0.4098912242069716,,,,,
020,0,1,360,377.1125,7B,0.1329000000000064,0,0.8934501221661554,,,,,
020,0,1,360,377.2791,8A,0.1001999999999725,0,0.907356038832822,,,,,
020,0,1,360,377.5787,5B,0.6001999999999725,0,0.7838633443883776,,,,,
020,0,1,360,378.2126,9A,0.3337999999999965,0,0.9259696721661553,,,,,
020,0,1,360,379.0453,3B,0.3659999999999854,0,0.9452482585297916,,,,,
020,0,1,360,381.5763,PB,1.6211999999999875,0,0.0202023018536553,,,,,
020,0,1,360,383.5157,4B,0.1777000000000157,0,0.020196193594726766,,,,,
020,0,1,360,383.7927,5B,0.4165999999999599,0,0.2875262221661553,,,,,
020,0,1,360,384.2435,6A,0.1324999999999931,0,0.44078099716615515,,,,,
020,0,1,360,384.443,9B,0.2327999999999974,0,0.4559086221661552,,,,,
020,0,1,360,384.6758,6B,0.2008000000000152,0,0.48825303883282195,,,,,
020,0,1,360,385.143,2A,0.0662000000000375,0,0.44046287216615543,,,,,
020,0,1,360,385.3424,4A,0.1000999999999976,0,0.49443278883282177,,,,,
020,0,1,360,385.4761,4B,0.0664000000000442,0,0.49794587216615516,,,,,
020,0,1,360,385.7084,PB,1.7087000000000216,0,-0.13379143398357732,,,,,
