ID,ExpertLevel,Complexity,30sTnterval,start_transition,Source,Target,Weight,trans_duration,head_rotation_amplitude,trans_amplitude,trans_velocity
020,0,1,360,360.4195,7B,8B,1,0.2336999999999989,11.441046586952917,,
020,0,1,360,360.7211,8B,5B,1,0.3675000000000068,2.3433829882729533,,
020,0,1,360,362.0885,5B,2B,1,0.16689999999999827,3.8744718540769387,,
020,0,1,360,362.3212,2B,5A,1,0.19990000000001373,1.3840862871554922,,
020,0,1,360,362.588,5A,6A,1,0.130299999999977,16.556293640720842,,
020,0,1,360,362.8852,6A,9B,1,0.16620000000000346,1.025218864074665,,
020,0,1,360,363.1181,9B,3B,1,0.06639999999998736,1.0639376750668852,,
020,0,1,360,363.3853,3B,4B,1,0.3338000000000534,46.80043782127298,,
020,0,1,360,363.8178,4B,1B,1,0.20010000000002037,5.743162541456002,,
020,0,1,360,364.2182,1B,4A,1,0.6000999999999976,5.125374184244407,,
020,0,1,360,364.9176,4A,1A,1,0.13299999999998136,2.6224945686499694,,
020,0,1,360,365.8832,1A,PB,1,0.23239999999998417,62.970228556134586,,
020,0,1,360,372.2582,PB,4A,1,0.5585000000000377,72.45992457468026,,
020,0,1,360,372.8463,4A,4B,1,0.14730000000002974,9.87351495677337,,
020,0,1,360,373.0929,4B,7A,1,0.9664999999999964,1.167221354637995,,
020,0,1,360,376.7788,7A,7B,1,0.33370000000002165,3.937348048310291,,
020,0,1,360,377.2118,7B,8A,1,0.06730000000004566,6.496209617622608,,
020,0,1,360,377.5461,8A,5B,1,0.03260000000000218,0.27937475654000643,,
020,0,1,360,378.1464,5B,9A,1,0.06619999999998072,2.47056280120993,,
020,0,1,360,378.5125,9A,3B,1,0.5328000000000088,22.365074015246382,,
020,0,1,360,383.1639,PB,4B,1,0.3517999999999688,64.50919982322469,,
020,0,1,360,383.6682,4B,5B,1,0.12450000000001182,8.092752733764957,,
020,0,1,360,384.1765,5B,6A,1,0.06700000000000728,5.098228318976432,,
020,0,1,360,384.3434,6A,9B,1,0.09960000000000946,0.7240505648785804,,
020,0,1,360,384.6427,9B,6B,1,0.03309999999999036,0.23521327824837368,,
020,0,1,360,384.8429,6B,2A,1,0.30009999999998627,43.177126964635065,,
020,0,1,360,385.1768,2A,4A,1,0.16559999999998354,6.385955945331503,,
020,0,1,360,385.4092,4A,4B,1,0.06689999999997553,7.560154217024156,,
020,0,1,360,385.5091,4B,PB,1,0.19929999999999382,46.304634243950034,,
