ID,ExpertLevel,Complexity,30sInterval,duration_start,Node,AOI_duration,clicked,pupil_diameter,controller_duration_on_aoi,distance_to_aoi,seating_row_aoi,seating_loc_aoi,controller_direction(pointing)_angle,duration_time_until_first fixation
028,0,0,570,570.0157,PB,4.119599999999991,0,-0.1467328714435123,0,2.2195961530503867,0.0,0.0,,
028,0,0,570,590.0683,4A,0.2771000000000185,0,0.023318452858256945,0,6.299560901636991,2.0,-1.0,,
028,0,0,570,590.4971,2A,0.1334999999999127,0,0.1527778846764387,0,3.3845608449693536,1.0,0.0,,
028,0,0,570,590.6646,2B,0.265700000000038,0,0.11762813467643879,0,2.9976244352107932,1.0,0.0,,
028,0,0,570,591.0303,4B,0.1330000000000382,0,0.13118825967643866,0,5.794703975392687,2.0,-1.0,,
028,0,0,570,592.1225,PB,2.8792000000000826,0,-0.0006118425962885678,0,2.325362596419122,0.0,0.0,,
028,0,0,570,598.4268,1A,0.1668000000000802,0,0.10776863467643868,0,5.32373241021235,1.0,-1.0,,
028,0,0,570,598.8929,PB,1.063199999999938,0,0.07704352104007506,0,2.310350581981914,0.0,0.0,,
