ID,ExpertLevel,Complexity,30sTnterval,start_transition,Source,Target,Weight,trans_duration,head_rotation_amplitude,trans_amplitude,trans_velocity
023,0,0,570,571.0716,2A,2B,1,0.23310000000003583,7.923391313275102,,
023,0,0,570,571.8064,2B,7A,1,0.16499999999996362,3.0490326524160327,,
023,0,0,570,572.0716,7A,5A,1,0.9667000000000598,0.18667599197322104,,
023,0,0,570,573.3376,5A,8A,1,0.03380000000004202,0.24005373570438238,,
023,0,0,570,573.8707,8A,2B,1,0.0666999999999689,0.5931978053373301,,
023,0,0,570,575.4363,9A,6B,1,0.13350000000002638,8.187720737288746,,
023,0,0,570,575.736,6B,3B,1,0.9996999999999616,8.814476996482846,,
023,0,0,570,577.1957,3B,6B,1,0.116800000000012,0.14308485619811506,,
023,0,0,570,580.1899,6B,3A,1,0.29980000000000473,0.17399295691672734,,
023,0,0,570,580.5228,3A,6B,1,0.10020000000008622,0.5349657074798557,,
023,0,0,570,581.2562,6B,3A,1,0.03319999999996526,0.17853412428630833,,
023,0,0,570,582.5554,9B,6B,1,0.4331000000000813,0.9749593071098914,,
023,0,0,570,583.4217,6B,3A,1,0.03330000000005384,0.10863452963974396,,
023,0,0,570,583.6548,3A,6B,1,0.033699999999953434,0.04730710536063043,,
023,0,0,570,588.3241,PB,2A,1,0.5756000000000085,73.48324036950869,,
023,0,0,570,588.9554,2A,2B,1,0.17079999999998563,9.871110308234591,,
023,0,0,570,589.353,2B,5B,1,0.09130000000004657,1.2373385131118546,,
023,0,0,570,590.1415,5B,2B,1,0.36620000000004893,3.590542138733664,,
023,0,0,570,590.5411,2B,2A,1,0.8324999999999818,5.7565902317765065,,
023,0,0,570,591.574,2A,2B,1,0.06700000000000728,0.13069896020912708,,
023,0,0,570,592.5069,2B,1B,1,0.6992000000000189,13.457004375094602,,
023,0,0,570,593.4725,1B,2A,1,0.9997000000000753,6.943684870653335,,
023,0,0,570,594.972,2A,5A,1,0.03370000000006712,1.636533499772984,,
023,0,0,570,595.2388,5A,9A,1,0.46649999999999636,16.56814606770318,,
023,0,0,570,596.139,9A,6A,1,0.03309999999999036,0.6098737536793077,,
023,0,0,570,596.5389,6A,9A,1,0.03279999999995198,0.07902879426291953,,
023,0,0,570,596.8385,9A,2B,1,0.3995000000001028,5.384387939921744,,
023,0,0,570,597.4713,2B,5B,1,0.033299999999940155,0.10288114523251046,,
023,0,0,570,597.6045,5B,9A,1,0.09989999999993415,0.1901520701354258,,
023,0,0,570,598.6708,9A,5B,1,0.06680000000005748,0.2606343793941184,,
023,0,0,570,598.9707,5B,5A,1,0.5667000000000826,9.724575607622,,
