ID,ExpertLevel,Complexity,30sInterval,duration_start,Node,AOI_duration,clicked,pupil_diameter,click_duration?,distance_to_aoi,controller_direction(pointing)_angle,controller_duration_on_AOI,duration_time_until_first fixation
021,0,1,420,420.0292,8B,0.0670999999999821,0,0.11482443619350335,,,,,
021,0,1,420,420.0963,5B,0.7312000000000012,1,0.1974833680116852,,,,,
021,0,1,420,420.8275,8B,0.6999000000000137,0,0.23888128143159854,,,,,
021,0,1,420,421.5274,5B,0.7665000000000077,1,0.23715812097611197,,,,,
021,0,1,420,422.2939,8B,0.1333000000000197,0,0.24851231119350337,,,,,
021,0,1,420,422.4272,5B,0.4652999999999565,0,0.2894749361935034,,,,,
021,0,1,420,422.926,8B,0.1000999999999976,0,0.49696035286017004,,,,,
021,0,1,420,423.8591,2B,0.2002999999999701,0,0.2153606861935035,,,,,
021,0,1,420,424.7919,2A,0.7680000000000291,0,0.33883679730461447,,,,,
021,0,1,420,426.9251,2B,0.3659000000000105,0,0.1143340745817257,,,,,
021,0,1,420,427.3241,2A,0.6009999999999991,0,0.03675480053353218,,,,,
021,0,1,420,429.0571,4B,0.2660000000000195,0,0.031220748693503497,,,,,
021,0,1,420,429.3902,7B,0.366800000000012,0,-0.0322938592610422,,,,,
021,0,1,420,430.0564,4B,0.6662000000000035,0,0.040465236193503396,,,,,
021,0,1,420,430.756,7B,0.1672000000000366,0,0.24149678619350343,,,,,
021,0,1,420,430.9232,2A,0.0672999999999888,0,0.22060218619350347,,,,,
021,0,1,420,431.0902,7A,0.3328999999999951,0,0.1688389861935033,,,,,
021,0,1,420,431.4231,2A,0.1340000000000145,0,0.19365682905064613,,,,,
021,0,1,420,431.7566,2B,0.832300000000032,0,0.05560322619350336,,,,,
021,0,1,420,432.7558,9A,0.1329999999999813,0,0.47302456119350345,,,,,
021,0,1,420,433.0889,6A,0.1338999999999828,0,0.01252381119350332,,,,,
021,0,1,420,433.4215,5B,0.4338999999999942,0,0.10507234003965722,,,,,
021,0,1,420,434.0226,2A,0.066599999999994,0,0.17465793619350323,,,,,
021,0,1,420,434.6882,PB,2.877299999999991,0,-0.3459048576661458,,,,,
021,0,1,420,438.0617,2A,0.3807000000000471,0,-0.30579350611418893,,,,,
021,0,1,420,438.7752,2B,1.0667000000000255,1,-0.20767842318149662,,,,,
021,0,1,420,439.9419,8A,0.3993000000000393,0,0.015644852860170033,,,,,
021,0,1,420,440.3412,5B,0.5664999999999623,0,0.13325753913467983,,,,,
021,0,1,420,441.2751,2B,0.5983999999999696,0,0.09473329730461444,,,,,
021,0,1,420,441.907,2A,0.2660999999999944,0,0.2356845611935034,,,,,
021,0,1,420,442.9384,PB,5.454499999999996,0,-0.677969403694137,,,,,
