ID,ExpertLevel,Complexity,30sTnterval,start_transition,Source,Target,Weight,trans_duration,head_rotation_amplitude,trans_amplitude,trans_velocity
020,0,0,510,515.3605,PB,2B,1,0.26969999999994343,60.08200525542485,,
020,0,0,510,515.7611,2B,8A,1,0.20229999999992287,4.4483741847019616,,
020,0,0,510,515.9953,8A,PB,1,0.5656999999999925,89.93825846019176,,
020,0,0,510,519.3254,PB,2A,1,0.21810000000004948,60.7219579207984,,
020,0,0,510,519.5666,2A,7A,1,0.07880000000000109,10.23659189686434,,
020,0,0,510,519.6654,7A,2A,1,0.14060000000006312,8.320649100057096,,
020,0,0,510,519.8314,2A,8B,1,0.1331000000000131,13.27926247257536,,
020,0,0,510,520.0501,8B,6A,1,0.09999999999990905,5.687084634299572,,
020,0,0,510,520.3492,6A,8B,1,0.2676999999999907,6.472050381965849,,
020,0,0,510,520.6824,8B,6A,1,0.1994999999999436,5.68639673278686,,
020,0,0,510,521.2827,6A,PB,1,0.4977999999999838,119.26803884087708,,
020,0,0,510,523.9221,PB,1B,1,0.2807999999999993,62.85366257363779,,
020,0,0,510,524.2251,1B,4A,1,0.6217000000000326,22.312530581685586,,
020,0,0,510,526.2808,4A,5B,1,0.2320999999999458,8.452703604995126,,
020,0,0,510,526.8464,5B,6A,1,0.0666999999999689,4.563642442429263,,
020,0,0,510,527.1125,6A,6B,1,0.30080000000009477,6.824418676554574,,
020,0,0,510,527.4797,6B,4B,1,0.29949999999996635,39.544466107493854,,
020,0,0,510,527.8463,4B,4A,1,0.03279999999995198,1.6945320324217548,,
020,0,0,510,528.1787,4A,2B,1,0.49489999999991596,37.63757869796517,,
020,0,0,510,529.6782,2B,PB,1,0.7760000000000673,96.37005228002133,,
020,0,0,510,533.1862,PB,8A,1,0.8456999999999653,94.0987762860898,,
020,0,0,510,534.0648,8A,7B,1,0.2680000000000291,2.8894161847417372,,
020,0,0,510,534.4333,7B,8B,1,0.09949999999992087,5.3202472502724145,,
020,0,0,510,535.7313,8B,5B,1,0.03309999999999036,0.9330671839051972,,
020,0,0,510,539.2736,1A,4B,1,0.20019999999999527,7.486259044236206,,
