ID,ExpertLevel,Complexity,30sTnterval,start_transition,Source,Target,Weight,trans_duration,head_rotation_amplitude,trans_amplitude,trans_velocity
023,0,1,330,331.9709,PB,4B,1,0.4477000000000544,72.13276587866345,,
023,0,1,330,332.599,4B,5A,1,0.15870000000001028,3.6226718386369328,,
023,0,1,330,332.8781,5A,PB,1,0.6304999999999836,80.84920301706399,,
023,0,1,330,336.0759,PB,2A,1,0.40149999999999864,75.4541855485686,,
023,0,1,330,336.5536,2A,7B,1,0.026599999999973534,2.4378228697878903,,
023,0,1,330,336.6358,7B,5B,1,0.08229999999997517,6.432427866753873,,
023,0,1,330,336.9979,5B,9A,1,0.26679999999998927,9.217227740931135,,
023,0,1,330,337.6314,9A,6A,1,0.066599999999994,0.5709610597055121,,
023,0,1,330,338.1974,6A,2B,1,0.3002999999999929,4.998946834605877,,
023,0,1,330,338.5309,2B,8A,1,0.16670000000004848,3.749767397551856,,
023,0,1,330,338.7305,8A,2B,1,0.16739999999998645,14.744231066282826,,
023,0,1,330,338.9313,2B,PB,1,0.6646999999999821,94.80266769204054,,
023,0,1,330,340.3288,PB,5B,1,0.9707000000000221,94.1360702179337,,
023,0,1,330,342.7419,5B,8B,1,0.02940000000000964,0.0285231716496952,,
023,0,1,330,342.8236,8B,2B,1,0.054199999999980264,0.32601763913468673,,
023,0,1,330,343.1391,2B,7B,1,0.23279999999999745,2.3011127151931277,,
023,0,1,330,343.4388,7B,2B,1,0.06639999999998736,0.5538318421455983,,
023,0,1,330,347.0176,PB,4A,1,0.27359999999998763,49.07808145069871,,
023,0,1,330,347.3424,4A,2B,1,0.10460000000000491,15.343249439284328,,
023,0,1,330,347.632,2B,8B,1,0.059399999999982356,1.362528243258879,,
023,0,1,330,349.4693,6A,3A,1,0.03340000000002874,1.2272615776117008,,
023,0,1,330,349.7363,3A,6B,1,0.03309999999999036,0.53586998708621,,
023,0,1,330,350.1025,6B,6A,1,0.06700000000000728,3.0572676044330844,,
023,0,1,330,350.2357,6A,PB,1,0.4882000000000062,116.13721378860502,,
023,0,1,330,359.0077,PB,1B,1,0.27659999999997353,47.952577337749545,,
023,0,1,330,359.3356,1B,2A,1,0.10340000000002192,10.975381405453568,,
023,0,1,330,359.854,2A,8A,1,0.06620000000003756,0.6849736264816642,,
