ID,ExpertLevel,Complexity,30sInterval,duration_start,Node,AOI_duration,clicked,pupil_diameter,click_duration?,distance_to_aoi,controller_direction(pointing)_angle,controller_duration_on_AOI,duration_time_until_first fixation
028,0,1,480,480.0012,PB,3.7291000000000167,0,0.0015481698702675128,,,,,
028,0,1,480,485.5646,4B,0.1521000000000185,0,0.2084058846764387,,,,,
028,0,1,480,485.7659,7B,0.2161000000000399,0,0.23756552356532762,,,,,
028,0,1,480,485.982,2A,0.1402999999999679,0,0.25175683467643867,,,,,
028,0,1,480,486.621,PB,1.164199999999994,0,-0.04633030747781661,,,,,
028,0,1,480,508.9865,4A,0.3488000000000397,0,0.012619491819295827,,,,,
028,0,1,480,509.6653,PB,0.9266999999999824,0,0.17534681649462056,,,,,
