ID,ExpertLevel,Complexity,30sInterval,duration_start,Node,AOI_duration,clicked,pupil_diameter,click_duration?,distance_to_aoi,controller_direction(pointing)_angle,controller_duration_on_AOI,duration_time_until_first fixation
028,0,0,510,510.0313,PB,0.9266999999999824,0,-0.1541308441728137,,,,,
028,0,0,510,512.7899,4A,0.0501000000000431,0,0.07352338467643871,,,,,
028,0,0,510,513.4098,5B,0.0667999999999438,0,0.1555546346764386,,,,,
028,0,0,510,513.6091,9A,0.0997999999999592,0,0.17545980134310538,,,,,
028,0,0,510,513.7424,5B,0.3333000000000083,0,0.24445613467643873,,,,,
028,0,0,510,514.1431,8B,0.16700000000003,0,0.2764607346764387,,,,,
028,0,0,510,514.3101,5B,0.0661000000000058,0,0.2905188846764387,,,,,
028,0,0,510,514.3762,8B,0.7663000000000011,0,0.3528417146764387,,,,,
028,0,0,510,515.3096,5B,0.5997999999999593,1,0.5258236346764388,,,,,
028,0,0,510,515.9094,8B,0.0661999999999807,0,0.5836666346764388,,,,,
028,0,0,510,516.0424,5B,0.1329999999999245,0,0.6567906346764387,,,,,
028,0,0,510,516.1754,8B,0.13250000000005,1,0.6491175096764388,,,,,
028,0,0,510,516.375,5B,0.1014000000000123,0,0.7382523013431056,,,,,
028,0,0,510,516.4764,8B,0.1983000000000174,0,0.712666968009772,,,,,
028,0,0,510,517.4072,PB,1.9805999999999813,1,-0.1308063462395918,,,,,
028,0,0,510,525.0301,1A,0.2363000000000283,0,-0.11558803199022792,,,,,
028,0,0,510,525.37,4B,0.2009000000000469,0,0.03497207217643872,,,,,
028,0,0,510,525.7815,1B,0.0994999999999208,0,-0.0021018653235613063,,,,,
028,0,0,510,525.881,1A,0.1333000000000765,0,0.014470134676438706,,,,,
028,0,0,510,526.3134,PB,9.329600000000028,0,-0.13119645220601445,,,,,
