ID,ExpertLevel,Complexity,30sTnterval,start_transition,Source,Target,Weight,trans_duration,head_rotation_amplitude,trans_amplitude,trans_velocity
020,0,1,180,180.6006,PB,2A,1,0.33430000000001314,79.25659295029143,,
020,0,1,180,181.0665,2A,7B,1,0.19830000000001746,1.196139192759503,,
020,0,1,180,181.2981,7B,8B,1,0.29980000000000473,10.218584483256718,,
020,0,1,180,182.0979,8B,6A,1,0.09969999999998436,4.406858737462774,,
020,0,1,180,182.2312,6A,9A,1,0.03309999999999036,1.854077390623658,,
020,0,1,180,182.4315,9A,9B,1,0.09999999999999432,2.0702396061222395,,
020,0,1,180,183.7974,9B,3A,1,0.033299999999997,0.09571650950386257,,
020,0,1,180,184.1632,3A,6B,1,0.033299999999997,0.32130130459859174,,
020,0,1,180,184.4631,6B,9B,1,0.03370000000001028,0.12326256641252709,,
020,0,1,180,184.8301,9B,PB,1,0.532400000000024,116.67542200055108,,
020,0,1,180,188.9829,PB,4B,1,0.5344000000000051,84.74845348302975,,
020,0,1,180,189.5508,4B,7A,1,0.1325999999999965,4.7659914023148815,,
020,0,1,180,189.9843,7A,5B,1,0.09950000000000614,3.489378482691336,,
020,0,1,180,190.2844,5B,8A,1,0.16630000000000678,4.723568261841182,,
020,0,1,180,191.9496,6A,PB,1,0.5982999999999947,115.55335104309839,,
020,0,1,180,195.9955,PB,5A,1,0.41800000000000637,95.1040480104285,,
020,0,1,180,196.5468,5A,PB,1,0.3322000000000003,80.15833500810862,,
020,0,1,180,199.849,PB,7B,1,0.4860000000000184,78.05825803052389,,
020,0,1,180,200.968,7B,7A,1,0.16670000000002005,1.468240146471821,,
020,0,1,180,201.5012,7A,4B,1,0.033599999999978536,1.6854112160271981,,
020,0,1,180,202.0003,4B,1B,1,0.06629999999998404,2.8324079789262555,,
020,0,1,180,202.0999,1B,4B,1,0.29980000000000473,0.35666483143270256,,
020,0,1,180,203.6674,4B,8B,1,0.09900000000001796,6.26454741441105,,
020,0,1,180,203.8666,8B,5B,1,0.034300000000001774,0.39674392130990377,,
020,0,1,180,203.9342,5B,9A,1,0.06620000000000914,2.9215729920862685,,
020,0,1,180,204.1668,9A,6A,1,0.034199999999998454,0.2953574404337951,,
020,0,1,180,204.6332,6A,8B,1,0.06670000000002574,7.541378406478811,,
020,0,1,180,204.7336,8B,PB,1,0.430499999999995,113.74618420988662,,
