ID,ExpertLevel,Complexity,30sTnterval,start_transition,Source,Target,Weight,trans_duration,head_rotation_amplitude,trans_amplitude,trans_velocity
028,0,0,260,274.1002,PB,7A,1,0.5396000000000072,73.9217823600872,,
028,0,0,260,274.6915,7A,5A,1,0.0806999999999789,3.0481691371638,,
028,0,0,260,274.9713,5A,2B,1,0.032100000000014006,1.28873347241219,,
028,0,0,260,275.0702,2B,PB,1,0.5650999999999726,78.47987157376885,,
028,0,0,260,283.1151,PB,7A,1,0.34290000000004284,63.49251932082201,,
028,0,0,260,283.785,7A,4B,1,0.027999999999963165,0.8592369605917014,,
028,0,0,260,284.0889,4B,1B,1,0.13309999999995625,3.3952860918914496,,
028,0,0,260,284.4229,1B,1A,1,0.09929999999997108,0.8111748352845041,,
