ID,ExpertLevel,Complexity,30sTnterval,start_transition,Source,Target,Weight,trans_duration,head_rotation_amplitude,trans_amplitude,trans_velocity
037,1,1,180,180.3103,2A,4A,1,0.05709999999999127,0.7470037097227049,,
037,1,1,180,183.7419,4A,6A,1,0.466700000000003,39.14977210612047,,
037,1,1,180,184.5088,6A,3A,1,0.03309999999999036,0.2916220269660128,,
037,1,1,180,184.7753,3A,8B,1,0.3883000000000152,5.85175892184097,,
037,1,1,180,185.3974,8B,8A,1,0.0327000000000055,0.948850201367561,,
037,1,1,180,185.6639,8A,5B,1,0.20019999999999527,0.7532571611290351,,
037,1,1,180,186.1305,5B,1A,1,0.4987999999999886,32.40344983321528,,
037,1,1,180,187.4625,1A,2A,1,0.06700000000000728,1.4291670129279765,,
037,1,1,180,188.6624,2A,2B,1,0.03360000000000696,1.9617177625768534,,
037,1,1,180,188.9627,2B,6B,1,0.13339999999999463,19.598092278539628,,
037,1,1,180,189.2955,6B,3B,1,0.13269999999999982,2.3668708381458146,,
037,1,1,180,189.5949,3B,9B,1,0.4329999999999927,11.280259016718762,,
037,1,1,180,190.1615,9B,6A,1,0.16650000000001342,0.8043090643413979,,
037,1,1,180,190.3609,6A,8B,1,0.06690000000000396,1.30393483238203,,
037,1,1,180,190.4949,8B,5B,1,0.1998000000000104,9.746424007764311,,
037,1,1,180,190.8952,5B,1A,1,0.8663999999999987,32.84304377927077,,
037,1,1,180,199.3584,5A,8B,1,0.533299999999997,0.18272773892974925,,
037,1,1,180,201.6563,8B,9A,1,0.1670000000000016,0.585922808012322,,
037,1,1,180,201.9908,9A,5B,1,0.9314999999999998,5.64382465952505,,
