ID,ExpertLevel,Complexity,30sTnterval,start_transition,Source,Target,Weight,trans_duration,head_rotation_amplitude,trans_amplitude,trans_velocity
033,0,1,360,360.9977,7A,7B,1,0.3675000000000068,3.913883275481684,,
033,0,1,360,363.8967,7B,7A,1,0.06619999999998072,0.7044759330318939,,
033,0,1,360,364.196,7A,PB,1,0.499499999999955,102.31386832465688,,
033,0,1,360,366.7865,PB,4B,1,0.5158000000000129,91.87852335955063,,
033,0,1,360,367.3276,4B,7B,1,0.202699999999993,4.739471214079465,,
033,0,1,360,367.7173,7B,9A,1,0.666499999999985,30.917548278186512,,
033,0,1,360,368.4166,9A,PB,1,0.9653999999999883,123.15818964418561,,
033,0,1,360,373.1719,PB,4B,1,0.640199999999993,91.35236570551064,,
033,0,1,360,373.9717,4B,7B,1,0.26609999999999445,2.5467623206459713,,
033,0,1,360,374.3712,7B,9A,1,0.599899999999991,35.27542156595706,,
033,0,1,360,375.0374,9A,6A,1,0.16680000000002337,3.7289272807679605,,
033,0,1,360,375.6371,6A,9B,1,0.033299999999997,0.6320209648215886,,
033,0,1,360,375.7036,9B,6A,1,0.033999999999991815,0.4857965195367733,,
033,0,1,360,375.9035,6A,8A,1,0.23349999999999227,18.284235168809126,,
033,0,1,360,376.2036,8A,2B,1,0.03390000000001692,1.6815259618218121,,
033,0,1,360,376.5038,2B,2A,1,0.06639999999998736,5.162945840135478,,
033,0,1,360,376.97,2A,1B,1,0.36549999999999727,5.292772725352336,,
033,0,1,360,377.3703,1B,1A,1,0.06670000000002574,3.560278861524502,,
033,0,1,360,377.8618,1A,PB,1,0.671799999999962,68.54479060215333,,
033,0,1,360,381.8231,4B,2A,1,0.06680000000000064,0.37927084386442544,,
033,0,1,360,382.1233,2A,PB,1,0.5501000000000431,62.69181273373362,,
033,0,1,360,383.8781,PB,4B,1,0.6510000000000105,73.32941813887129,,
033,0,1,360,384.8766,4B,2A,1,0.03300000000001546,0.16569737033671572,,
033,0,1,360,385.2759,2A,6A,1,0.40020000000004075,33.568306455263084,,
033,0,1,360,385.8762,6A,3A,1,0.23270000000002256,3.4381319893551368,,
033,0,1,360,386.4084,3A,6A,1,0.06720000000001392,0.9494155995291251,,
033,0,1,360,386.9421,6A,9A,1,0.0665000000000191,3.6371135738573734,,
033,0,1,360,387.3224,9A,7B,1,0.3080999999999676,31.70366403721384,,
033,0,1,360,387.7971,7B,PB,1,0.5989000000000146,76.41206810175137,,
