ID,ExpertLevel,Complexity,30sTnterval,start_transition,Source,Target,Weight,trans_duration,head_rotation_amplitude,trans_amplitude,trans_velocity
036,1,1,330,330.5902,PB,6B,1,0.5937000000000126,139.58997721188683,,
036,1,1,330,331.2886,6B,6A,1,0.07250000000004775,1.8951001553250855,,
036,1,1,330,333.8324,6A,5B,1,0.09940000000000282,6.870897198121709,,
036,1,1,330,334.3656,5B,9A,1,0.7311000000000263,17.335072277697737,,
036,1,1,330,335.1965,9A,6A,1,0.0333999999999719,1.444665173810833,,
036,1,1,330,335.4967,6A,3A,1,0.03260000000000218,1.5213485451718007,,
036,1,1,330,336.063,3A,6A,1,0.36630000000002383,7.34028761097183,,
036,1,1,330,337.8625,6A,9A,1,0.03319999999996526,0.0667630582664579,,
036,1,1,330,337.9627,9A,5B,1,0.06670000000002574,5.102774662019296,,
036,1,1,330,338.3288,5B,5A,1,0.0333999999999719,1.9019817867170445,,
036,1,1,330,338.5617,5A,8B,1,0.0665000000000191,2.101733411909386,,
036,1,1,330,338.7629,8B,5B,1,0.231899999999996,5.729429494909706,,
036,1,1,330,339.0282,5B,8B,1,0.23349999999999227,1.3228867151135582,,
036,1,1,330,347.0478,8B,5B,1,0.13580000000001746,2.1293346897220253,,
036,1,1,330,348.2048,5B,8B,1,0.5935000000000059,17.45566384140964,,
036,1,1,330,351.3795,8B,9B,1,0.13240000000001828,11.061081162219322,,
036,1,1,330,351.5793,9B,3A,1,0.09840000000002647,8.051819997441283,,
036,1,1,330,351.7109,3A,6B,1,0.06680000000000064,0.3848545385035358,,
036,1,1,330,351.8445,6B,3A,1,0.033299999999997,1.37517539760832,,
036,1,1,330,351.9117,3A,6B,1,0.03289999999998372,1.799425241162675,,
036,1,1,330,351.9779,6B,3A,1,0.03300000000001546,1.1799069185916196,,
036,1,1,330,352.1111,3A,PB,1,0.6656999999999584,111.1452323724964,,
036,1,1,330,354.8456,PB,7B,1,0.33190000000001874,80.67445443687622,,
036,1,1,330,355.3099,7B,8B,1,0.0473999999999819,4.003858906367601,,
036,1,1,330,355.5005,8B,6A,1,0.16620000000000346,7.805657464158971,,
036,1,1,330,355.7339,6A,3A,1,0.03309999999999036,1.2552465428501043,,
036,1,1,330,355.9997,3A,PB,1,0.7969999999999686,131.89518936046056,,
