ID,ExpertLevel,Complexity,30sTnterval,start_transition,Source,Target,Weight,trans_duration,head_rotation_amplitude,trans_amplitude,trans_velocity
032,1,0,570,570.6416,PB,1A,1,0.5912999999999329,22.814602926214434,,
032,1,0,570,571.382,1A,4B,1,0.3028000000000475,7.446803898073426,,
032,1,0,570,571.7177,4B,2A,1,0.06700000000000728,2.800400690972012,,
032,1,0,570,572.051,2A,2B,1,0.033699999999953434,2.193397055100526,,
032,1,0,570,572.1509,2B,9B,1,0.5996999999999844,28.585042476269585,,
032,1,0,570,573.7836,9B,6B,1,0.03309999999999036,2.998032358185048,,
032,1,0,570,574.0502,6B,3B,1,0.033299999999940155,0.4656419082440131,,
032,1,0,570,574.3566,3B,5B,1,0.3365000000000009,22.33053969512888,,
032,1,0,570,574.7933,5B,8B,1,0.06629999999995562,3.5826868243273715,,
032,1,0,570,577.1254,8B,PB,1,0.49889999999993506,76.85315970444256,,
032,1,0,570,581.6422,PB,7B,1,0.6905000000000427,75.00584320667278,,
032,1,0,570,582.5562,7B,PB,1,0.4656999999999698,70.62064076823074,,
032,1,0,570,585.421,PB,2A,1,0.5267999999999802,69.90914790553776,,
032,1,0,570,586.1337,2A,2B,1,0.5002000000000635,7.724773182788034,,
032,1,0,570,586.8674,2B,8A,1,0.0663000000000693,2.8536275705054592,,
032,1,0,570,587.2664,8A,5B,1,0.7330000000000609,1.4371184102543548,,
032,1,0,570,588.1995,5B,8A,1,0.033200000000078944,0.026504921328399433,,
032,1,0,570,588.8661,8A,5B,1,0.03350000000000364,0.19769670660762984,,
032,1,0,570,588.9333,5B,8A,1,0.033299999999940155,0.15338603146596697,,
032,1,0,570,591.165,8A,6B,1,0.3324999999999818,24.31548539445617,,
032,1,0,570,591.6636,6B,3B,1,0.06690000000003238,0.36934587983822453,,
032,1,0,570,591.9969,3B,8B,1,0.4677000000000362,25.97224788035509,,
032,1,0,570,592.5634,8B,2B,1,0.03459999999995489,0.6180501246391383,,
032,1,0,570,593.0964,2B,6A,1,0.10119999999994889,7.327621413080146,,
032,1,0,570,593.3295,6A,3A,1,0.032999999999901775,0.34773816496470955,,
032,1,0,570,593.3959,3A,6A,1,0.09990000000004784,0.6207772589405572,,
032,1,0,570,593.8626,6A,2A,1,0.3993999999999005,20.089704097130976,,
032,1,0,570,594.4627,2A,1A,1,0.7323999999999842,22.352992665345468,,
032,1,0,570,595.3945,1A,PB,1,0.2998999999999796,36.725789729454505,,
