ID,ExpertLevel,Complexity,30sInterval,duration_start,Node,AOI_duration,clicked,pupil_diameter,controller_duration_on_aoi,distance_to_aoi,seating_row_aoi,seating_loc_aoi,controller_direction(pointing)_angle,duration_time_until_first fixation
037,1,1,380,380.7567,5A,0.0994999999999777,0,-0.3222286401973136,0.0,4.247595056553853,2.0,0.0,,
037,1,1,380,381.556,8B,0.1331000000000131,0,-0.06398447353064693,0.10059999999998571,5.697285549796461,3.0,0.0,,
037,1,1,380,382.7561,5B,0.1001999999999725,0,0.13211368271935303,0.0,4.290667188777922,2.0,0.0,,
037,1,1,380,386.2549,8B,0.1665999999999599,0,0.016931988007814584,0.3661000000000167,5.95333539983644,3.0,0.0,,
037,1,1,380,408.6427,PB,0.4354999999999904,0,-0.30760583627574506,0.0,3.4377628442531716,0.0,0.0,,
