ID,condition,start_interval,start_transition,Node,AOI_duration,pupil_diameter,active_disruption,passive_disruption,number_clicked
036,C,330,330.5902,PB,2.42229999999995,,,,
036,C,330,331.2886,6B,0.1290000000000191,,,,
036,C,330,333.8324,6A,1.1307999999999652,,,,
036,C,330,333.8642,9A,0.0334000000000287,,,,
036,C,330,334.3656,5B,0.4671999999999912,,,,
036,C,330,335.0635,6A,0.0332000000000221,,,,
036,C,330,335.1965,9A,0.133199999999988,,,,
036,C,330,335.4967,6A,0.2993999999999914,,,,
036,C,330,336.063,3A,0.5678000000000338,,,,
036,C,330,336.4626,6A,0.066599999999994,,,,
036,C,330,336.4959,9B,0.0335000000000036,,,,
036,C,330,336.5631,6A,0.0663999999999873,,,,
036,C,330,336.5958,9B,0.0332000000000221,,,,
036,C,330,337.8625,6A,0.5666999999999689,,,,
036,C,330,337.9627,9A,0.100400000000036,,,,
036,C,330,337.9961,8B,0.033299999999997,,,,
036,C,330,338.3288,5B,0.3327999999999633,,,,
036,C,330,338.5617,5A,0.2329000000000292,,,,
036,C,330,338.7629,8B,0.16700000000003,,,,
036,C,330,339.0282,5B,0.0670000000000072,,,,
036,C,330,347.0478,8B,0.2649999999999863,,,,
036,C,330,347.5135,5B,0.0333999999999719,,,,
036,C,330,347.7806,4B,0.0326000000000021,,,,
036,C,330,347.9798,4A,0.0333999999999719,,,,
036,C,330,348.0132,4B,0.0330999999999903,,,,
036,C,330,348.0463,5A,0.0332000000000221,,,,
036,C,330,348.2048,5B,0.1508000000000038,,,,
036,C,330,348.2303,8A,0.0283000000000015,,,,
036,C,330,348.2586,5B,0.0264999999999986,,,,
036,C,330,351.3795,8B,0.5323999999999955,,,,
036,C,330,351.5793,9B,0.099899999999991,,,,
036,C,330,351.6118,6B,0.032699999999977,,,,
036,C,330,351.7109,3A,0.0666999999999689,,,,
036,C,330,351.8445,6B,0.1000999999999976,,,,
036,C,330,351.9117,3A,0.0668000000000006,,,,
036,C,330,351.9779,6B,0.0663000000000124,,,,
036,C,330,352.1111,3A,0.133700000000033,,,,
036,C,330,354.8456,PB,2.0926000000000045,,,,
036,C,330,355.1094,4B,0.0264000000000237,,,,
036,C,330,355.3099,7B,0.0677999999999769,,,,
036,C,330,355.3372,5B,0.0201000000000135,,,,
036,C,330,355.5005,8B,0.1766999999999825,,,,
036,C,330,355.5687,9A,0.0316000000000258,,,,
036,C,330,355.7339,6A,0.1003000000000042,,,,
036,C,330,355.9997,3A,0.2665999999999826,,,,
036,C,330,356.4332,2B,0.0325000000000272,,,,
036,C,330,359.4116,PB,2.6362000000000307,,,,
