ID,ExpertLevel,Complexity,30sTnterval,start_transition,Source,Target,Weight,trans_duration,head_rotation_amplitude,trans_amplitude,trans_velocity
033,0,1,420,420.45,4A,4B,1,0.18000000000000682,11.215443306806065,,
033,0,1,420,420.6571,4B,5A,1,0.4158999999999651,9.7174314112554,,
033,0,1,420,421.1394,5A,8A,1,0.033599999999978536,0.6607658417658477,,
033,0,1,420,421.473,8A,8B,1,0.03280000000000882,0.13871580421572105,,
033,0,1,420,421.706,8B,5B,1,0.10030000000000427,0.06234426925093928,,
033,0,1,420,422.3059,5B,8B,1,0.0999999999999659,1.4749409999748266,,
033,0,1,420,422.4388,8B,5B,1,0.03350000000000364,0.44314977072571615,,
033,0,1,420,422.7722,5B,6A,1,0.5665000000000191,9.421276062972423,,
033,0,1,420,423.4055,6A,PB,1,0.7212999999999852,115.41497805654271,,
033,0,1,420,428.0547,PB,5A,1,0.5318999999999505,95.25802937176634,,
033,0,1,420,428.7491,5A,6A,1,0.19709999999997763,11.50494379256787,,
033,0,1,420,429.5452,6A,9B,1,0.033599999999978536,0.29082860554511925,,
033,0,1,420,430.2452,9B,2B,1,0.23320000000001073,32.582439950802346,,
033,0,1,420,430.7118,2B,2A,1,0.06710000000003902,4.061625782153385,,
033,0,1,420,435.717,2A,PB,1,0.4245000000000232,61.17634042423656,,
033,0,1,420,437.4986,PB,4A,1,0.3687999999999647,70.5063522377256,,
033,0,1,420,437.973,4A,2A,1,0.0514999999999759,2.4522516168679473,,
033,0,1,420,439.1751,2A,2B,1,0.03260000000000218,0.6119298332277552,,
033,0,1,420,439.7873,2B,PB,1,0.5310000000000059,80.78721833996732,,
033,0,1,420,441.1719,PB,4B,1,0.4913999999999987,73.06082797062518,,
033,0,1,420,441.7662,4B,2A,1,0.025899999999978718,0.8100729953662977,,
033,0,1,420,442.0401,2A,2B,1,0.03390000000001692,1.057479322782342,,
033,0,1,420,442.4739,2B,5B,1,0.03389999999996007,0.2395202843053852,,
033,0,1,420,442.7738,5B,7B,1,0.066599999999994,4.7097052119080836,,
033,0,1,420,442.9071,7B,PB,1,0.3657999999999788,72.4725566334194,,
033,0,1,420,446.5945,PB,4A,1,0.5819999999999936,68.18347431323143,,
033,0,1,420,447.2272,4A,4B,1,0.10520000000002483,5.394151508915705,,
033,0,1,420,447.358,4B,2A,1,0.024499999999989086,2.181595729806183,,
033,0,1,420,447.5701,2A,2B,1,0.0252999999999588,0.8603611495278045,,
033,0,1,420,448.0394,2B,5B,1,0.03300000000001546,0.6793501529925745,,
033,0,1,420,448.3052,5B,9A,1,0.23419999999998709,11.535275239133679,,
033,0,1,420,448.639,9A,6A,1,0.03249999999997044,1.0456987819582233,,
033,0,1,420,449.0388,6A,2B,1,0.2669999999999959,25.011433257193875,,
033,0,1,420,449.5383,2B,7A,1,0.36660000000000537,6.867553924347028,,
