ID,ExpertLevel,Complexity,30sTnterval,start_transition,Source,Target,Weight,trans_duration,head_rotation_amplitude,trans_amplitude,trans_velocity
037,1,1,390,407.777,8B,PB,1,0.8657000000000039,113.50406695646862,,
037,1,1,390,413.5762,PB,5A,1,0.47850000000005366,77.98337180016004,,
037,1,1,390,414.1645,5A,5B,1,0.13030000000003383,2.674233698762702,,
037,1,1,390,414.5871,5B,9A,1,0.432899999999961,18.262377120737973,,
037,1,1,390,417.3529,4B,7A,1,0.43180000000000973,1.5964718409003638,,
037,1,1,390,417.8513,7A,4B,1,0.5880000000000223,5.29939371677726,,
037,1,1,390,418.806,4B,1A,1,0.5587000000000444,0.07204036438131567,,
