ID,ExpertLevel,Complexity,30sTnterval,start_transition,Source,Target,Weight,trans_duration,head_rotation_amplitude,trans_amplitude,trans_velocity
037,1,1,500,502.2586,4B,4A,1,0.10009999999999764,0.18629687076991175,,
037,1,1,500,508.2107,2A,PB,1,0.6242000000000303,108.67862954647937,,
037,1,1,500,509.7085,PB,5A,1,0.6127999999999929,92.66882173347659,,
037,1,1,500,510.3478,5A,6A,1,0.45139999999997826,38.643301612266775,,
037,1,1,500,510.8653,6A,7A,1,0.3996999999999957,54.01491871863501,,
037,1,1,500,515.963,9A,9B,1,0.06670000000008258,0.08325034434314293,,
037,1,1,500,516.2631,9B,9A,1,0.03300000000001546,0.06665583286243093,,
037,1,1,500,516.5294,9A,9B,1,0.13360000000000127,0.11765543030445436,,
