ID,ExpertLevel,Complexity,30sTnterval,start_transition,Source,Target,Weight,trans_duration,head_rotation_amplitude,trans_amplitude,trans_velocity
031,0,1,390,390.3497,6A,PB,1,0.7991000000000099,125.50965235761001,,
031,0,1,390,394.0499,PB,2B,1,0.7899000000000456,91.33336109522212,,
031,0,1,390,395.0386,2B,5B,1,0.10030000000000427,4.535130663900082,,
031,0,1,390,395.2385,5B,6A,1,0.10000000000002274,4.796879586548625,,
031,0,1,390,395.4717,6A,3A,1,0.066599999999994,3.5809760633596137,,
031,0,1,390,395.9713,3A,6B,1,0.0332000000000221,0.37851333094370787,,
031,0,1,390,396.438,6B,6A,1,0.03289999999998372,0.04573023419899158,,
031,0,1,390,396.916,6A,9A,1,0.3550000000000182,1.3340616396672331,,
031,0,1,390,397.3041,9A,5B,1,0.0666999999999689,3.697604879591429,,
031,0,1,390,397.9041,5B,8A,1,0.033599999999978536,1.0214768093257742,,
031,0,1,390,398.1371,8A,PB,1,0.5994000000000028,92.17848619036519,,
031,0,1,390,401.1002,PB,7A,1,0.9236000000000217,86.48476877948482,,
031,0,1,390,402.0569,7A,4B,1,0.0997000000000412,0.11235840188872004,,
031,0,1,390,402.3229,4B,1B,1,0.4329999999999927,9.016740618968512,,
031,0,1,390,402.789,1B,5B,1,0.6885000000000332,29.755680064394728,,
031,0,1,390,403.9441,5B,8B,1,0.10070000000001755,0.5443041554130155,,
031,0,1,390,404.4776,8B,6A,1,0.1996000000000322,4.717549789040171,,
031,0,1,390,404.8438,6A,9B,1,0.03300000000001546,0.37675993357316884,,
031,0,1,390,404.9102,9B,6A,1,0.2335000000000491,0.7901192775945489,,
031,0,1,390,405.2767,6A,PB,1,0.6995000000000005,122.20010664220166,,
031,0,1,390,413.6424,PB,1A,1,0.4123000000000161,70.64417365957578,,
031,0,1,390,414.0792,1A,4A,1,0.08109999999999218,1.9422278583614414,,
031,0,1,390,414.2115,4A,2A,1,0.21839999999997417,9.44574753505183,,
031,0,1,390,414.5104,2A,5A,1,0.029899999999997817,1.3943835651708696,,
031,0,1,390,414.773,5A,2B,1,0.0333999999999719,1.362096464098368,,
031,0,1,390,414.8745,2B,5A,1,0.032100000000014006,1.1233929816913673,,
031,0,1,390,415.0395,5A,5B,1,0.06710000000003902,0.5871255837551779,,
031,0,1,390,415.2399,5B,9A,1,0.0664000000000442,3.070509567703482,,
031,0,1,390,415.473,9A,6A,1,0.13290000000000646,4.811231348014091,,
031,0,1,390,415.7607,6A,9B,1,0.02780000000001337,0.46515471026279087,,
031,0,1,390,415.8419,9B,3A,1,0.05279999999999063,0.6374397232342446,,
031,0,1,390,416.1279,3A,PB,1,0.8986999999999625,121.86689140469493,,
