ID,ExpertLevel,Complexity,30sTnterval,start_transition,Source,Target,Weight,trans_duration,head_rotation_amplitude,trans_amplitude,trans_velocity
036,1,0,270,270.2925,5B,8B,1,0.03299999999995862,0.03577697461585938,,
036,1,0,270,271.3253,8B,5B,1,0.03259999999994534,0.0017100324831424984,,
036,1,0,270,271.4583,5B,8B,1,0.03319999999996526,0.000616237136684461,,
036,1,0,270,271.5912,8B,5B,1,0.0333999999999719,0.14034246742373924,,
036,1,0,270,271.6578,5B,8B,1,0.03390000000001692,0.05937944417710739,,
036,1,0,270,271.8247,8B,5B,1,0.03309999999999036,0.019125071427545492,,
036,1,0,270,271.8913,5B,8B,1,0.0333999999999719,0.05746882754191063,,
036,1,0,270,272.0248,8B,5B,1,0.233099999999979,0.7645933422554352,,
036,1,0,270,272.3244,5B,8B,1,0.0333999999999719,0.046340042135540216,,
036,1,0,270,273.579,8B,5B,1,0.3997999999999706,4.267117416494296,,
036,1,0,270,274.2122,5B,8B,1,0.0332000000000221,0.18457674691195614,,
036,1,0,270,274.4791,8B,2A,1,0.6664000000000101,87.42470195958079,,
036,1,0,270,277.3887,2B,5B,1,0.20110000000005357,38.853994915934024,,
036,1,0,270,277.9219,5B,9B,1,0.36660000000000537,20.85069638677444,,
036,1,0,270,278.3879,9B,6A,1,0.03309999999999036,2.0516482412657915,,
036,1,0,270,278.7564,6A,3A,1,0.28710000000000946,23.172761745309565,,
036,1,0,270,279.5092,3A,3B,1,0.0333999999999719,0.21215630831153476,,
036,1,0,270,279.7099,3B,6B,1,0.06630000000001246,12.777518319739286,,
036,1,0,270,279.8759,6B,9B,1,0.20029999999997017,11.052055480499252,,
036,1,0,270,280.2092,9B,6A,1,0.03390000000001692,0.33591596412018276,,
036,1,0,270,280.7427,6A,5B,1,0.4001999999999839,24.546979717894917,,
036,1,0,270,281.8757,5B,8B,1,0.5994000000000028,2.429280549596818,,
036,1,0,270,287.5739,8B,5B,1,0.7330000000000041,0.627159862399921,,
036,1,0,270,290.905,8B,5B,1,0.36690000000004375,2.156480586157013,,
036,1,0,270,294.3485,8B,4B,1,0.5323999999999955,52.74842339740866,,
036,1,0,270,295.3471,4B,1A,1,0.2669999999999959,5.041276765117388,,
036,1,0,270,296.3472,1A,2A,1,0.03309999999999036,0.6178983662513389,,
036,1,0,270,296.7802,2A,1B,1,0.03300000000001546,1.4885220202592109,,
036,1,0,270,297.3131,1B,6B,1,0.6657999999999902,114.33071807905043,,
036,1,0,270,298.179,6B,6A,1,0.03370000000001028,1.2991783232710183,,
036,1,0,270,298.379,6A,2B,1,0.9336999999999875,29.801550979188914,,
