ID,ExpertLevel,Complexity,30sTnterval,start_transition,Source,Target,Weight,trans_duration,head_rotation_amplitude,trans_amplitude,trans_velocity
037,1,1,120,121.0803,4B,PB,1,0.6991000000000014,61.02228950962584,,
037,1,1,120,126.189,PB,7B,1,0.5241000000000042,63.82805927557933,,
037,1,1,120,126.9113,7B,2A,1,0.03340000000000032,1.799332084666208,,
037,1,1,120,127.146,2A,2B,1,0.03300000000000125,2.1968148863482213,,
037,1,1,120,127.345,2B,6B,1,0.36660000000000537,19.405453026140968,,
037,1,1,120,127.7442,6B,3B,1,0.26659999999998263,1.2746641151251419,,
037,1,1,120,128.044,3B,6A,1,0.266399999999976,7.4748164378812625,,
037,1,1,120,128.3442,6A,9A,1,0.03299999999998704,0.8946597372820209,,
037,1,1,120,128.4105,9A,5B,1,0.2998999999999796,15.679404398382657,,
037,1,1,120,128.8773,5B,7A,1,0.06660000000002242,3.2486059017245985,,
037,1,1,120,129.51,7A,2A,1,0.0332000000000221,0.1405294767939793,,
037,1,1,120,130.6435,2A,5B,1,0.4887999999999977,3.6353143809905433,,
037,1,1,120,131.4363,5B,7B,1,0.04260000000002151,0.16230238910142702,,
037,1,1,120,134.1027,7B,2B,1,0.061499999999995225,0.050773804361398334,,
037,1,1,120,134.6385,2B,7B,1,0.02559999999999718,0.019442877013226223,,
037,1,1,120,136.5073,7B,2A,1,0.16660000000001673,1.6518489196845252,,
037,1,1,120,136.7735,2A,1A,1,0.14629999999999654,5.474256535412749,,
037,1,1,120,139.0074,1B,1A,1,0.3546000000000049,5.821172491145852,,
037,1,1,120,142.272,1A,4B,1,0.5100000000000193,8.637168530518444,,
