ID,ExpertLevel,Complexity,30sTnterval,start_transition,Source,Target,Weight,trans_duration,head_rotation_amplitude,trans_amplitude,trans_velocity
037,1,1,450,450.4583,2A,4A,1,0.5002999999999815,0.3009651938830231,,
037,1,1,450,452.2135,4A,4B,1,0.03289999999998372,0.1924777861403797,,
037,1,1,450,454.279,7A,1A,1,0.6329000000000065,10.122015141272037,,
037,1,1,450,455.1449,1A,4B,1,0.1671999999999798,0.30159371936611734,,
037,1,1,450,455.6117,4B,1A,1,0.4333000000000311,3.8177930527312895,,
037,1,1,450,457.713,1A,4A,1,0.46439999999995507,2.660796623850871,,
037,1,1,450,458.6563,4A,4B,1,0.07970000000000255,0.17568778029883703,,
037,1,1,450,458.9958,4B,7A,1,0.026400000000023738,0.16184113055147975,,
037,1,1,450,460.806,5A,2B,1,0.3823000000000434,17.299571402027084,,
037,1,1,450,461.2547,2B,6A,1,0.1338999999999828,6.16278214601979,,
037,1,1,450,465.0299,4A,1A,1,0.10020000000002938,0.38143968479416657,,
037,1,1,450,466.9627,1A,4A,1,0.0664000000000442,0.015775130329615195,,
037,1,1,450,467.4622,4A,1B,1,0.06670000000002574,0.18596428386055663,,
037,1,1,450,467.7624,1B,4A,1,0.033299999999997,0.10072015220446673,,
037,1,1,450,468.4951,4A,1B,1,0.03380000000004202,0.013729369147512216,,
037,1,1,450,468.8292,1B,1A,1,0.5992999999999711,0.39369534170317166,,
037,1,1,450,469.861,1A,1B,1,0.1671000000000049,0.05513932840257496,,
037,1,1,450,470.0616,1B,4B,1,0.3236999999999739,0.6767064085956633,,
037,1,1,450,471.0718,4B,5A,1,0.30049999999999955,5.677030254433507,,
037,1,1,450,471.6389,5A,8B,1,0.0332000000000221,1.7288482218293248,,
037,1,1,450,471.9139,8B,5B,1,0.029799999999966076,0.8988730707418817,,
037,1,1,450,472.4054,5B,8B,1,0.1675000000000182,0.38618779453073415,,
037,1,1,450,472.9391,8B,9B,1,0.23419999999998709,6.966497135271588,,
037,1,1,450,473.2057,9B,3B,1,0.3661000000000172,11.325750916933973,,
037,1,1,450,473.805,3B,8B,1,0.20060000000000855,13.543405182236427,,
037,1,1,450,474.0722,8B,5B,1,0.13290000000000646,4.932795526056934,,
037,1,1,450,474.5721,5B,4A,1,0.7327999999999975,22.895057801138424,,
037,1,1,450,475.371,4A,8B,1,0.4007000000000289,17.699951522875676,,
