ID,ExpertLevel,Complexity,30sTnterval,start_transition,Source,Target,Weight,trans_duration,head_rotation_amplitude,trans_amplitude,trans_velocity
035,1,1,420,420.3069,1B,5A,1,0.30970000000002074,50.32146471594287,,
035,1,1,420,420.6497,5A,2B,1,0.03340000000002874,0.458814668165064,,
035,1,1,420,420.7832,2B,5A,1,0.06689999999997553,3.814138948157721,,
035,1,1,420,421.3164,5A,PB,1,0.8503000000000043,87.0733021132589,,
035,1,1,420,424.3605,PB,9A,1,0.5638000000000147,123.73989161616612,,
035,1,1,420,425.1247,9A,6A,1,0.03249999999997044,1.1601565848499185,,
035,1,1,420,425.2576,6A,9B,1,0.03309999999999036,0.8817949425300071,,
035,1,1,420,425.3239,9B,3A,1,0.0332000000000221,0.6391714163778026,,
035,1,1,420,425.8572,3A,3B,1,0.0998000000000161,0.4239954457861579,,
035,1,1,420,426.157,3B,9B,1,0.066599999999994,3.235789260736766,,
035,1,1,420,426.39,9B,5A,1,0.10099999999999909,14.73201070452805,,
035,1,1,420,426.5572,5A,4B,1,0.16669999999999163,16.150045791621157,,
035,1,1,420,426.89,4B,7A,1,0.29990000000003647,1.7028864269178428,,
035,1,1,420,427.3901,7A,PB,1,0.39879999999999427,65.95977659994381,,
035,1,1,420,433.1116,PB,5B,1,0.5645999999999844,120.0249397354697,,
035,1,1,420,433.8763,5B,2A,1,0.06689999999997553,3.0937664465415207,,
035,1,1,420,435.8433,2A,7B,1,0.03260000000000218,0.30186305395478286,,
035,1,1,420,436.1095,7B,PB,1,0.9976999999999521,100.30876113108374,,
035,1,1,420,441.4872,PB,5A,1,0.4642000000000053,115.9302217431038,,
035,1,1,420,442.0175,5A,8A,1,0.0332000000000221,1.4018937242751193,,
035,1,1,420,442.0848,8A,5B,1,0.09940000000000282,0.30176366222352513,,
035,1,1,420,442.4175,5B,9A,1,0.03299999999995862,0.8093369700217803,,
035,1,1,420,442.7504,9A,6A,1,0.06709999999998217,2.2174655127280722,,
035,1,1,420,443.0841,6A,6B,1,0.03290000000004056,0.21197406045130052,,
035,1,1,420,443.3524,6B,3A,1,0.03149999999999409,0.32016805446146357,,
035,1,1,420,443.484,3A,2B,1,0.33300000000002683,32.92744818271789,,
035,1,1,420,443.8849,2B,PB,1,0.8157999999999674,81.18251693233105,,
035,1,1,420,448.9043,PB,2A,1,0.544399999999996,95.04194191495566,,
035,1,1,420,449.5486,2A,2B,1,0.09949999999997772,3.5914857130481828,,
