ID,ExpertLevel,Complexity,30sTnterval,start_transition,Source,Target,Weight,trans_duration,head_rotation_amplitude,trans_amplitude,trans_velocity
034,1,1,300,300.1352,6A,3B,1,0.199799999999982,11.563212189842089,,
034,1,1,300,304.1115,2B,3A,1,0.2330000000000041,0.7105707016476046,,
034,1,1,300,304.5442,3A,PB,1,0.4755999999999858,63.08350118068558,,
034,1,1,300,305.6685,PB,1B,1,0.6091000000000122,118.36507134793953,,
034,1,1,300,306.8657,1B,1A,1,0.033299999999997,0.008990222160125683,,
034,1,1,300,307.2657,1A,7B,1,0.1664000000000101,3.706686031013983,,
034,1,1,300,307.4655,7B,4B,1,0.10059999999998581,0.566191371646612,,
034,1,1,300,307.6945,4B,1B,1,0.1571999999999889,1.110289249675465,,
034,1,1,300,307.9266,1B,4B,1,0.3947000000000003,12.30691799950211,,
034,1,1,300,308.5881,4B,6A,1,0.7325999999999908,42.185842856702834,,
034,1,1,300,311.3862,6A,9A,1,0.03390000000001692,0.1692271317490679,,
034,1,1,300,311.4864,9A,2B,1,0.03300000000001546,0.41360820971177503,,
034,1,1,300,311.6196,2B,9B,1,0.09950000000003456,0.7061519978386173,,
034,1,1,300,311.8187,9B,PB,1,0.3993000000000393,70.90834398329065,,
034,1,1,300,316.5686,PB,2A,1,0.4481999999999857,87.72904530287197,,
034,1,1,300,318.5493,2A,4B,1,0.2337999999999738,12.547764988363095,,
034,1,1,300,318.9497,4B,1B,1,0.033299999999997,0.5536693700092217,,
034,1,1,300,319.1498,1B,4B,1,0.033499999999946795,0.4398580428796457,,
034,1,1,300,319.5163,4B,7B,1,0.03289999999998372,0.4162433633466639,,
034,1,1,300,319.7822,7B,5A,1,0.2004000000000019,6.15589976603019,,
034,1,1,300,320.1154,5A,8A,1,0.033599999999978536,0.5306571962042081,,
034,1,1,300,320.3151,8A,8B,1,0.06720000000001392,0.625886187830643,,
034,1,1,300,329.0448,8B,7B,1,0.2669999999999959,6.993073757861284,,
034,1,1,300,329.4449,7B,4B,1,0.0333999999999719,1.919337979862858,,
034,1,1,300,329.8444,4B,4A,1,0.06689999999997553,0.3876309624775294,,
