ID,ExpertLevel,Complexity,30sTnterval,start_transition,Source,Target,Weight,trans_duration,head_rotation_amplitude,trans_amplitude,trans_velocity
036,1,0,210,210.9731,PB,4B,1,0.4233000000000118,73.01762327150252,,
036,1,0,210,211.44,4B,2B,1,0.25540000000000873,1.8512538519122934,,
036,1,0,210,212.0291,2B,2A,1,0.06669999999999732,1.024368419156076,,
036,1,0,210,212.2289,2A,4B,1,0.3661999999999921,9.483882191838024,,
036,1,0,210,212.8287,4B,5B,1,0.5662000000000091,22.50735234550868,,
036,1,0,210,213.5287,5B,6A,1,0.0660000000000025,5.380252448599472,,
036,1,0,210,213.8293,6A,6B,1,0.03290000000001214,0.9883834063743819,,
036,1,0,210,214.1617,6B,PB,1,0.6982000000000141,119.45148970339916,,
036,1,0,210,218.7254,PB,4B,1,0.408299999999997,61.06807195523492,,
036,1,0,210,219.2393,4B,2A,1,0.019500000000022055,0.3400038269021408,,
036,1,0,210,219.4252,2A,1B,1,0.26700000000002433,0.2201325840718127,,
036,1,0,210,219.7251,1B,6A,1,0.4146000000000072,47.37440684374757,,
036,1,0,210,220.229,6A,9B,1,0.02539999999999054,0.8620220238267642,,
036,1,0,210,220.3518,9B,5B,1,0.07019999999999982,3.7688233734852457,,
036,1,0,210,220.8035,5B,8B,1,0.033899999999988495,0.2678678048007672,,
036,1,0,210,227.0018,8B,7B,1,0.13329999999999131,9.586863484268662,,
036,1,0,210,227.2013,7B,4B,1,0.13329999999999131,4.549323240850313,,
036,1,0,210,227.6344,4B,5B,1,0.06940000000000168,3.3503558487601595,,
036,1,0,210,227.8342,5B,PB,1,0.49909999999999854,82.56001206888772,,
036,1,0,210,232.7427,PB,7A,1,0.5548000000000002,82.92641953274483,,
036,1,0,210,233.3308,7A,4B,1,0.3331999999999766,0.4917050143436583,,
036,1,0,210,233.6977,4B,5B,1,0.16620000000000346,9.953989102638918,,
036,1,0,210,233.9976,5B,8B,1,0.6656999999999869,4.41400079280829,,
036,1,0,210,236.8634,8B,PB,1,0.7305999999999813,108.61209802137401,,
036,1,0,210,238.7509,PB,5A,1,0.37709999999998445,86.2901635686708,,
036,1,0,210,239.1958,5A,6A,1,0.26600000000001955,10.308431078185174,,
036,1,0,210,239.5941,6A,9B,1,0.13390000000001123,3.477679891891623,,
036,1,0,210,239.7612,9B,3A,1,0.03280000000000882,0.27486929892970124,,
036,1,0,210,239.8275,3A,6B,1,0.06680000000000064,0.5580589723002731,,
036,1,0,210,239.9271,6B,3A,1,0.0338000000000136,0.5900814411275075,,
