ID,ExpertLevel,Complexity,30sInterval,duration_start,Node,AOI_duration,clicked,pupil_diameter,click_duration?,distance_to_aoi,controller_direction(pointing)_angle,controller_duration_on_AOI,duration_time_until_first fixation
038,1,1,420,420.1565,PB,0.7135000000000105,0,-0.0663995626379015,,,,,
038,1,1,420,421.144,1A,0.0514999999999759,0,-0.20007988406647303,,,,,
038,1,1,420,421.3523,7A,0.0550000000000068,0,-0.09744163406647299,,,,,
038,1,1,420,421.571,5B,0.3340999999999781,0,0.1323428159335271,,,,,
038,1,1,420,422.3711,9A,0.1660999999999717,0,0.3039775659335271,,,,,
038,1,1,420,422.7708,9B,0.0996000000000094,0,0.3014638659335271,,,,,
038,1,1,420,425.2693,7B,0.1663000000000352,0,0.12328896593352696,,,,,
038,1,1,420,426.0522,PB,0.7479999999999905,0,-0.10702940073313967,,,,,
038,1,1,420,427.2975,5B,0.3263999999999782,0,-0.02914258861192748,,,,,
038,1,1,420,428.1235,9A,0.2005000000000336,0,0.22700219926686035,,,,,
038,1,1,420,429.1233,6A,0.0994000000000028,0,0.36543886593352704,,,,,
038,1,1,420,433.4777,2A,1.998199999999997,1,0.3064378159335271,,,,,
038,1,1,420,435.8752,PB,5.345799999999997,0,-0.34672898139471725,,,,,
038,1,1,420,445.0869,5B,0.1864999999999668,0,0.05114529450495563,,,,,
038,1,1,420,445.3272,9A,0.1902999999999792,0,0.14577828260019376,,,,,
038,1,1,420,446.1173,5B,0.166499999999985,0,0.17909196593352697,,,,,
038,1,1,420,448.2493,1A,0.1005000000000109,0,0.12350819926686037,,,,,
038,1,1,420,448.3829,4A,0.3482999999999947,0,0.030275673625834807,,,,,
038,1,1,420,448.8921,5A,0.2001999999999952,0,0.05079119926686041,,,,,
038,1,1,420,449.1922,2B,0.2334999999999922,0,0.09933029450495555,,,,,
038,1,1,420,449.7256,8B,0.1662000000000034,0,0.197645615933527,,,,,
