ID,ExpertLevel,Complexity,30sInterval,duration_start,Node,AOI_duration,clicked,pupil_diameter,click_duration?,distance_to_aoi,controller_direction(pointing)_angle,controller_duration_on_AOI,duration_time_until_first fixation
034,1,1,300,300.0357,6A,0.1327999999999747,0,0.09678155696961582,,,,,
034,1,1,300,300.335,3B,0.333500000000015,0,0.045949256969615826,,,,,
034,1,1,300,304.0443,2B,0.0999999999999659,0,0.2206474736362826,,,,,
034,1,1,300,304.3445,3A,0.2331000000000358,0,0.026257806969615802,,,,,
034,1,1,300,305.0198,PB,0.6729000000000269,0,-0.27799955017324124,,,,,
034,1,1,300,306.2776,1B,0.3217999999999961,0,-0.03656088533807647,,,,,
034,1,1,300,306.899,1A,0.4003999999999905,0,0.0680461403029492,,,,,
034,1,1,300,307.4321,7B,0.0670999999999821,0,-0.005028943030384148,,,,,
034,1,1,300,307.5661,4B,0.1539000000000214,0,0.012272406969615757,,,,,
034,1,1,300,307.8517,1B,0.1055000000000063,0,0.12137493196961585,,,,,
034,1,1,300,308.3213,4B,0.301400000000001,0,0.22917702919183805,,,,,
034,1,1,300,309.3207,6A,0.0668000000000006,0,0.08241901009461583,,,,,
034,1,1,300,311.4201,9A,0.0993000000000279,0,0.14347097363628233,,,,,
034,1,1,300,311.5194,2B,0.1326999999999998,0,0.18602455696961578,,,,,
034,1,1,300,311.7191,9B,0.1329999999999813,0,0.19694018196961588,,,,,
034,1,1,300,312.218,PB,2.005499999999984,1,-0.6996385427413667,,,,,
034,1,1,300,317.0168,2A,1.5662000000000376,0,-0.3721810784470508,,,,,
034,1,1,300,318.7831,4B,0.1999000000000137,0,-0.021658526363717456,,,,,
034,1,1,300,318.983,1B,0.2002999999999701,0,-0.07012169303038411,,,,,
034,1,1,300,319.1833,4B,0.3659000000000105,0,-0.061063647575838716,,,,,
034,1,1,300,319.5492,7B,0.2667999999999892,0,0.01593099446961585,,,,,
034,1,1,300,319.9826,5A,0.1664000000000101,0,-0.14959289303038417,,,,,
034,1,1,300,320.149,8A,0.199799999999982,0,-0.07188902636371752,,,,,
034,1,1,300,320.3823,8B,0.3667000000000371,1,0.18099933508206562,,,,,
034,1,1,300,329.3118,7B,0.166499999999985,0,0.538105506969616,,,,,
034,1,1,300,329.4783,4B,0.3998000000000274,0,0.31545914030294925,,,,,
034,1,1,300,329.9113,4A,0.1666999999999916,0,0.3238349736362826,,,,,
