ID,ExpertLevel,Complexity,30sTnterval,start_transition,Source,Target,Weight,trans_duration,head_rotation_amplitude,trans_amplitude,trans_velocity
036,1,1,300,300.1454,2B,PB,1,0.9984000000000037,81.84205834233218,,
036,1,1,300,307.5746,2A,2B,1,0.07200000000000273,6.081066825121923,,
036,1,1,300,307.9532,2B,4A,1,0.2668000000000461,33.14717021154943,,
036,1,1,300,308.2868,4A,1A,1,0.43259999999997945,7.627858283657048,,
036,1,1,300,313.2527,5B,2A,1,0.17719999999997071,15.757382269259407,,
036,1,1,300,313.4831,2A,2B,1,0.0956000000000472,5.156371866737381,,
036,1,1,300,313.9852,2B,6B,1,0.06610000000000582,1.1673842767889937,,
036,1,1,300,314.3181,6B,3B,1,0.3996999999999957,8.659671298636226,,
036,1,1,300,314.9601,3B,2B,1,0.11879999999996471,7.170409152655218,,
036,1,1,300,315.3269,2B,2A,1,0.06709999999998217,1.5120737909971922,,
036,1,1,300,315.8936,2A,5A,1,0.06670000000002574,4.799917070538122,,
036,1,1,300,316.4934,5A,5B,1,0.8675000000000068,16.220343492758552,,
036,1,1,300,319.7257,5B,5A,1,0.06719999999995707,1.8712115829380593,,
036,1,1,300,319.9262,5A,4B,1,0.398900000000026,41.61154489209849,,
036,1,1,300,320.4588,4B,1B,1,0.266399999999976,7.551894739033884,,
036,1,1,300,320.7581,1B,4A,1,0.033299999999997,0.373513194630128,,
036,1,1,300,320.9249,4A,1A,1,0.03360000000003538,1.0364852744486512,,
036,1,1,300,321.2911,1A,4A,1,0.03350000000000364,1.7683212468751819,,
036,1,1,300,321.794,4A,4B,1,0.10050000000001091,1.148850980396059,,
036,1,1,300,322.1696,4B,7B,1,0.06670000000002574,0.7743334098543144,,
036,1,1,300,322.4364,7B,4B,1,0.5,16.783849914302554,,
036,1,1,300,322.9697,4B,5A,1,0.0998000000000161,7.658091850580552,,
036,1,1,300,323.536,5A,2A,1,0.10019999999997253,7.165852334444768,,
036,1,1,300,324.1691,2A,3A,1,0.6665999999999599,26.89300566139537,,
