ID,ExpertLevel,Complexity,30sInterval,duration_start,Node,AOI_duration,clicked,pupil_diameter,click_duration?,distance_to_aoi,controller_direction(pointing)_angle,controller_duration_on_AOI,duration_time_until_first fixation
035,1,1,480,482.3549,8B,0.3326000000000135,0,0.38230233976137024,,,,,
035,1,1,480,483.1198,PB,1.414199999999994,0,-0.15453600368125278,,,,,
035,1,1,480,485.0409,5A,0.0704999999999813,0,-0.0308141102386299,,,,,
035,1,1,480,485.1114,2B,0.0487999999999715,0,0.03182688976137027,,,,,
035,1,1,480,485.1602,5B,0.1491000000000326,0,0.0847956897613702,,,,,
035,1,1,480,485.4088,9A,0.0667000000000257,0,0.1537866397613702,,,,,
035,1,1,480,485.5088,6A,0.066599999999994,0,0.1748286397613702,,,,,
035,1,1,480,485.5754,9A,0.3340999999999781,0,0.21187918976137016,,,,,
035,1,1,480,486.5408,PB,4.825300000000027,1,-0.25244681403009905,,,,,
035,1,1,480,491.7717,8A,0.1195999999999912,0,-0.0743230102386299,,,,,
035,1,1,480,491.9353,5B,0.0744000000000255,0,0.006513889761370277,,,,,
035,1,1,480,492.0533,6A,0.0639000000000464,0,0.03486338976137027,,,,,
035,1,1,480,492.2836,9B,0.1666000000000167,0,0.10092268976137012,,,,,
035,1,1,480,492.4502,6A,0.4003999999999905,0,0.1019868897613702,,,,,
035,1,1,480,493.2626,PB,1.93629999999996,0,-0.21920866357196317,,,,,
035,1,1,480,495.7245,5A,0.1418000000000461,0,-0.08492544357196315,,,,,
035,1,1,480,495.9381,6A,1.611599999999953,1,0.12745821703409746,,,,,
035,1,1,480,497.5497,9B,0.0667000000000257,0,0.29307288976137014,,,,,
035,1,1,480,497.6164,6A,0.5989000000000146,0,0.2749412230947035,,,,,
035,1,1,480,498.2153,9B,0.3394000000000119,0,0.2929564730947035,,,,,
035,1,1,480,498.5753,6B,0.2276999999999702,0,0.2844607469042273,,,,,
035,1,1,480,499.2025,2B,0.2008000000000152,0,0.3322548064280368,,,,,
035,1,1,480,499.7252,4B,0.0699000000000182,0,0.23935255642803685,,,,,
035,1,1,480,500.0912,4A,0.1662999999999783,0,0.19151088976137012,,,,,
035,1,1,480,500.5565,PB,2.497099999999989,0,-0.1527009367692421,,,,,
035,1,1,480,503.5119,7A,0.3257999999999583,0,0.09948127437675475,,,,,
035,1,1,480,504.1563,4B,0.0663999999999873,0,0.10142988976137013,,,,,
035,1,1,480,504.7561,4A,1.1123000000000047,1,0.25228793976137015,,,,,
035,1,1,480,505.8684,4B,1.0760999999999967,1,0.3331507754756559,,,,,
035,1,1,480,507.2097,PB,2.1686000000000263,0,-0.14944737387499346,,,,,
