ID,ExpertLevel,Complexity,30sInterval,duration_start,Node,AOI_duration,clicked,pupil_diameter,click_duration?,distance_to_aoi,controller_direction(pointing)_angle,controller_duration_on_AOI,duration_time_until_first fixation
037,1,1,120,120.5809,4B,0.5330000000000013,0,0.012869120219353061,,,,,
037,1,1,120,121.7794,PB,0.9446000000000084,0,-0.23360537842195128,,,,,
037,1,1,120,126.7131,7B,0.0648000000000053,0,-0.08348172353064692,,,,,
037,1,1,120,126.9447,2A,0.2343000000000046,0,0.08783616932649589,,,,,
037,1,1,120,127.179,2B,0.1992999999999938,0,0.12233344313601975,,,,,
037,1,1,120,127.7116,6B,0.0655999999999892,0,-0.06123622353064695,,,,,
037,1,1,120,128.0108,3B,0.0664000000000157,0,0.18152327646935296,,,,,
037,1,1,120,128.3104,6A,0.0668000000000006,0,0.008267776469353061,,,,,
037,1,1,120,128.3772,9A,0.0673000000000172,0,0.1392147764693531,,,,,
037,1,1,120,128.7104,5B,0.2001999999999952,0,-0.038677306863980264,,,,,
037,1,1,120,128.9439,7A,0.3330999999999733,0,0.1398498181360197,,,,,
037,1,1,120,129.5432,2A,0.5129999999999768,0,-0.06138089353064696,,,,,
037,1,1,120,131.1323,5B,0.3269000000000233,0,0.041386847897924475,,,,,
037,1,1,120,131.4789,7B,0.0768999999999948,1,-0.04049138781636126,,,,,
037,1,1,120,134.1642,2B,0.311300000000017,0,-0.02891981563591013,,,,,
037,1,1,120,134.6641,7B,1.8760000000000048,1,0.028572450198166604,,,,,
037,1,1,120,136.6739,2A,0.133199999999988,0,-0.201443473530647,,,,,
037,1,1,120,136.9198,1A,0.0426999999999964,0,-0.013695123530646947,,,,,
037,1,1,120,138.8954,1B,0.1400000000000147,0,0.19550569313601973,,,,,
037,1,1,120,139.362,1A,0.5769999999999982,1,0.10555250069615718,,,,,
037,1,1,120,142.782,4B,0.3556999999999846,0,0.10907842646935303,,,,,
037,1,1,120,145.8596,PB,0.2221999999999866,0,-0.512547673530647,,,,,
