ID,ExpertLevel,Complexity,30sTnterval,start_transition,Source,Target,Weight,trans_duration,head_rotation_amplitude,trans_amplitude,trans_velocity
031,0,1,120,120.0253,2A,5A,1,0.06789999999999452,4.328620087173469,,
031,0,1,120,120.1263,5A,2B,1,0.031899999999993156,1.1541414488632462,,
031,0,1,120,120.2255,2B,9A,1,0.06660000000000821,15.315944842144688,,
031,0,1,120,120.3914,9A,6A,1,0.09949999999999193,2.4048755017235983,,
031,0,1,120,120.6579,6A,8A,1,0.06780000000000541,5.101889678490624,,
031,0,1,120,120.8918,8A,7A,1,0.13219999999999743,11.000634430049413,,
031,0,1,120,121.5571,7A,7B,1,0.06609999999999161,1.0317200375121445,,
031,0,1,120,121.7568,7B,PB,1,0.2656000000000063,71.68217952377852,,
031,0,1,120,123.7113,PB,4A,1,0.3786000000000058,57.278937149061,,
031,0,1,120,124.1344,4A,4B,1,0.02200000000000557,0.46596012996556624,,
031,0,1,120,124.2235,4B,7A,1,0.043400000000005434,0.6588319698133418,,
031,0,1,120,124.3343,7A,7B,1,0.0327000000000055,0.7902332154689802,,
031,0,1,120,124.9346,7B,4B,1,0.032299999999992224,0.14352523233490544,,
031,0,1,120,130.2982,7B,9A,1,0.5989999999999895,30.325457624746935,,
031,0,1,120,140.373,PB,1A,1,0.26660000000001105,50.917140688909726,,
031,0,1,120,140.7483,1A,2A,1,0.23339999999998895,15.334679855961816,,
031,0,1,120,141.1151,2A,5A,1,0.06680000000000064,2.256246972223394,,
031,0,1,120,141.3822,5A,5B,1,0.03289999999998372,0.9810255698560084,,
031,0,1,120,141.9147,5B,6A,1,0.06669999999999732,7.010152771065288,,
031,0,1,120,142.1479,6A,3A,1,0.066599999999994,4.878761011182627,,
031,0,1,120,142.6143,3A,6B,1,0.03390000000001692,0.4086972565301821,,
031,0,1,120,142.7474,6B,9B,1,0.19999999999998863,1.873694556103537,,
031,0,1,120,143.0138,9B,6A,1,0.03360000000000696,0.541133107730623,,
031,0,1,120,143.1477,6A,6B,1,0.09970000000001278,0.2525655940250715,,
031,0,1,120,144.7802,6B,6A,1,0.06680000000000064,2.296229941138872,,
031,0,1,120,145.0802,6A,6B,1,0.06610000000000582,0.7658394240356401,,
031,0,1,120,145.3465,6B,9A,1,0.26670000000001437,4.009057378683364,,
031,0,1,120,145.6801,9A,4B,1,0.49969999999999004,48.832519952774746,,
031,0,1,120,146.7458,4B,7A,1,0.03309999999999036,0.26075069494886804,,
031,0,1,120,146.8124,7A,4B,1,0.03370000000001028,0.41154592934977785,,
031,0,1,120,147.1791,4B,PB,1,0.43199999999998795,72.8639383783338,,
