ID,ExpertLevel,Complexity,30sInterval,duration_start,Node,AOI_duration,clicked,pupil_diameter,click_duration?,distance_to_aoi,controller_direction(pointing)_angle,controller_duration_on_AOI,duration_time_until_first fixation
031,0,1,300,300.024,1B,0.7432000000000016,0,0.40275301070476655,,,,,
031,0,1,300,300.5672,4A,0.1336000000000012,0,0.355021772068403,,,,,
031,0,1,300,300.8003,4B,0.1014000000000123,0,0.4394911470684029,,,,,
031,0,1,300,301.1019,7B,0.099899999999991,0,0.2794086470684028,,,,,
031,0,1,300,301.5667,3B,0.0995999999999526,0,0.35136648040173624,,,,,
031,0,1,300,302.2137,PB,3.824799999999982,1,-0.30393475537062153,,,,,
031,0,1,300,306.9781,3B,0.1453999999999951,0,0.0005835637350694775,,,,,
031,0,1,300,307.1732,3A,0.1737999999999715,0,0.15108664706840283,,,,,
031,0,1,300,307.3705,6B,0.171100000000024,0,0.2184308137350696,,,,,
031,0,1,300,307.5416,6A,0.2667999999999892,0,0.3800748345684029,,,,,
031,0,1,300,307.8419,9A,0.1329999999999813,0,0.5010120220684029,,,,,
031,0,1,300,308.0414,6A,1.0133000000000152,0,0.4594666740954299,,,,,
031,0,1,300,309.2546,8B,0.0663000000000124,0,0.5688451470684028,,,,,
031,0,1,300,309.3209,8A,0.2993999999999914,0,0.4593784804017361,,,,,
031,0,1,300,309.7208,7B,0.1662000000000034,0,0.38853334706840287,,,,,
031,0,1,300,310.2545,2B,0.5321999999999889,0,0.28370883456840285,,,,,
031,0,1,300,310.8867,6A,0.6333999999999946,0,0.524795647068403,,,,,
031,0,1,300,312.1518,PB,2.678800000000024,0,-0.3166965984673113,,,,,
031,0,1,300,315.3925,1B,0.1976000000000226,0,-0.16522291543159706,,,,,
031,0,1,300,315.6154,2A,0.2293999999999982,0,-0.13183440848715258,,,,,
031,0,1,300,315.9837,2B,0.1655999999999835,0,-0.12592725293159726,,,,,
031,0,1,300,316.216,4B,0.0665000000000191,0,-0.03520085293159714,,,,,
031,0,1,300,316.4823,8A,0.0670000000000072,0,-0.0008113529315970869,,,,,
031,0,1,300,316.7824,5B,2.133699999999976,0,0.23372493613090287,,,,,
031,0,1,300,319.5137,PB,7.016700000000014,0,-0.5725343303252142,,,,,
