ID,ExpertLevel,Complexity,30sTnterval,start_transition,Source,Target,Weight,trans_duration,head_rotation_amplitude,trans_amplitude,trans_velocity
032,1,0,90,91.40543,PB,2A,1,0.8217199999999991,65.61822171591663,,
032,1,0,90,92.39445,2A,5B,1,0.09980999999999085,6.833073838164413,,
032,1,0,90,92.7273,5B,3A,1,0.066670000000002,2.9798794616547304,,
032,1,0,90,93.19341,3A,6A,1,0.03325999999999851,0.07016326549486962,,
032,1,0,90,93.42688,6A,3A,1,0.33334000000000685,2.8274001324886937,,
032,1,0,90,93.79294,3A,6A,1,0.03294999999999959,0.3802767599533574,,
032,1,0,90,94.35965,6A,3B,1,0.03318000000000154,0.9735762445947236,,
032,1,0,90,94.79212,3B,5B,1,0.2005100000000084,13.017027416038651,,
032,1,0,90,95.72697,5B,3B,1,0.33197000000001253,36.16650812078453,,
032,1,0,90,96.9257,3B,4B,1,0.5322499999999906,48.43015011476872,,
032,1,0,90,97.62444,4B,7A,1,0.0335799999999864,0.3077654993550638,,
032,1,0,90,97.85728,7A,1B,1,0.10052000000000305,4.708053383342012,,
032,1,0,90,108.9749,PB,1A,1,0.20120000000000005,36.18179087852107,,
032,1,0,90,109.2654,1A,2A,1,0.1325000000000074,11.647284068443398,,
032,1,0,90,109.5991,2A,7A,1,0.032399999999995543,0.06492685267532039,,
032,1,0,90,109.6988,7A,5A,1,0.16699999999998738,2.1447024234352376,,
032,1,0,90,110.0992,5A,5B,1,0.032099999999999795,1.7218605655965291,,
032,1,0,90,112.0967,5B,5A,1,0.1337000000000046,2.3670549094497737,,
032,1,0,90,112.2639,5A,2B,1,0.03289999999999793,0.4642059383179955,,
032,1,0,90,112.3312,2B,8B,1,0.06459999999999866,1.8500006544880918,,
032,1,0,90,113.1626,8B,7A,1,0.2997000000000014,17.30132753361026,,
032,1,0,90,113.662,7A,4A,1,0.23349999999999227,6.676310928267242,,
032,1,0,90,113.9285,4A,1B,1,0.09969999999999857,2.5986649097334507,,
032,1,0,90,114.4518,1B,PB,1,0.3755999999999915,42.2354062001362,,
032,1,0,90,116.1173,PB,2B,1,0.4767999999999972,66.23441816683788,,
032,1,0,90,116.6607,2B,9A,1,0.10079999999999245,5.711393423239652,,
032,1,0,90,116.8606,9A,2A,1,0.13419999999999277,17.353076710964228,,
032,1,0,90,117.7274,2A,4B,1,0.33279999999999177,0.9987316695460713,,
032,1,0,90,118.2265,4B,2A,1,0.03499999999999659,0.31712857107108405,,
032,1,0,90,118.294,2A,3A,1,0.366100000000003,29.078830881427013,,
032,1,0,90,118.9596,3A,6A,1,0.03340000000000032,0.2601179372671665,,
032,1,0,90,119.2263,6A,9A,1,0.03300000000000125,0.053069935303181826,,
032,1,0,90,119.2934,9A,9B,1,0.13269999999999982,0.11215113156211842,,
032,1,0,90,119.6592,9B,8B,1,0.10009999999999764,2.6756988048988544,,
