ID,ExpertLevel,Complexity,30sTnterval,start_transition,Source,Target,Weight,trans_duration,head_rotation_amplitude,trans_amplitude,trans_velocity
033,0,1,450,450.2377,7A,4B,1,0.10030000000000427,1.7800459505990318,,
033,0,1,450,450.7042,4B,PB,1,0.6745999999999981,65.29693921704684,,
033,0,1,450,452.4416,PB,2B,1,0.9954999999999927,83.90210498650018,,
033,0,1,450,453.7698,2B,8A,1,0.03380000000004202,1.3627669718245023,,
033,0,1,450,453.8372,8A,5B,1,0.03390000000001692,1.3409559674078473,,
033,0,1,450,455.4674,9A,8B,1,0.0998000000000161,4.713913138714686,,
033,0,1,450,457.6758,PB,4A,1,0.3672000000000253,65.19877154825937,,
033,0,1,450,458.069,4A,2A,1,0.10659999999995762,1.7767921052728823,,
033,0,1,450,458.8437,2A,9A,1,0.5335999999999785,24.418217790758405,,
033,0,1,450,459.644,9A,6A,1,0.03280000000000882,1.0878091680778699,,
033,0,1,450,459.7438,6A,PB,1,0.7891999999999939,108.2406971501845,,
033,0,1,450,461.516,PB,2A,1,0.46809999999999263,71.56730541857871,,
033,0,1,450,462.0958,2A,6A,1,0.6129999999999995,35.1916023313382,,
033,0,1,450,463.1086,6A,9B,1,0.03319999999996526,0.24669652964921607,,
033,0,1,450,463.2084,9B,6A,1,0.03390000000001692,0.27131272132880646,,
033,0,1,450,463.6662,6A,PB,1,0.8301999999999907,113.00255113867901,,
033,0,1,450,466.7525,PB,4B,1,0.572400000000016,71.1452559358476,,
033,0,1,450,467.907,4B,9A,1,0.8317000000000121,36.39727704441516,,
033,0,1,450,468.7654,9A,6A,1,0.10309999999998354,4.407361191096934,,
033,0,1,450,469.2617,6A,9B,1,0.03299999999995862,0.5579135437142817,,
033,0,1,450,469.6942,9B,6B,1,0.06689999999997553,1.2501737629371483,,
033,0,1,450,470.2643,6B,3A,1,0.025300000000015643,0.6022489345769877,,
033,0,1,450,470.8164,3A,2B,1,0.4338000000000193,24.44235137209963,,
033,0,1,450,471.6503,2B,5A,1,0.16669999999999163,1.8658811622437206,,
033,0,1,450,472.1824,5A,2B,1,0.10000000000002274,0.32182829882422936,,
033,0,1,450,472.3494,2B,7A,1,0.03289999999998372,0.2655420895094309,,
033,0,1,450,472.5156,7A,1B,1,0.16669999999999163,9.229249623450933,,
033,0,1,450,472.8152,1B,1A,1,0.6668000000000234,19.32565797375929,,
033,0,1,450,473.6814,1A,1B,1,0.03309999999999036,0.8836228827584165,,
033,0,1,450,473.8482,1B,PB,1,0.6320999999999799,42.643467924121865,,
033,0,1,450,475.1955,PB,1A,1,0.27899999999999636,44.012546441756854,,
033,0,1,450,479.4122,1B,1A,1,0.2330000000000041,5.576131117316535,,
033,0,1,450,479.6698,1A,PB,1,0.3084999999999809,42.22887327511414,,
