ID,ExpertLevel,Complexity,30sInterval,duration_start,Node,AOI_duration,clicked,pupil_diameter,click_duration?,distance_to_aoi,controller_direction(pointing)_angle,controller_duration_on_AOI,duration_time_until_first fixation
037,1,1,390,393.2859,8B,0.0662999999999556,0,-0.23678659853064699,,,,,
037,1,1,390,408.6427,PB,0.4354999999999904,0,-0.380004178317881,,,,,
037,1,1,390,414.0547,5A,0.1347999999999842,0,-0.5482441735306469,,,,,
037,1,1,390,414.2948,5B,0.3258999999999901,0,-0.25960042353064694,,,,,
037,1,1,390,415.02,9A,0.1333000000000197,0,-0.12457922353064693,,,,,
037,1,1,390,417.019,4B,0.3659000000000105,0,-0.27956124625791967,,,,,
037,1,1,390,417.7847,7A,0.0943000000000324,0,-0.11361064019731366,,,,,
037,1,1,390,418.4393,4B,0.1331000000000131,0,0.07834744313601971,,,,,
037,1,1,390,419.3647,1A,0.0512999999999692,0,0.37986552646935284,,,,,
