ID,ExpertLevel,Complexity,30sInterval,duration_start,Node,AOI_duration,clicked,pupil_diameter,click_duration?,distance_to_aoi,controller_direction(pointing)_angle,controller_duration_on_AOI,duration_time_until_first fixation
037,1,0,510,510.3213,5A,0.0530999999999721,0,-0.11452372353064699,,,,,
037,1,0,510,510.7992,6A,0.0989000000000146,0,-0.23333630686398044,,,,,
037,1,0,510,511.265,7A,0.0665000000000191,0,-0.026141223530646962,,,,,
037,1,0,510,514.1967,9A,1.7998000000000047,0,-0.0385606216787951,,,,,
037,1,0,510,516.0297,9B,0.266399999999976,1,-0.1036718485306469,,,,,
037,1,0,510,516.2961,9A,0.2671000000000276,0,0.0003769014693530415,,,,,
037,1,0,510,516.663,9B,0.732599999999934,1,0.2028074480379805,,,,,
037,1,0,510,534.4994,5B,0.133199999999988,0,-0.10087097353064695,,,,,
037,1,0,510,534.7324,5A,0.0668000000000574,0,-0.1020104021020755,,,,,
037,1,0,510,535.2986,4B,0.2998000000000047,0,0.04257985980268638,,,,,
037,1,0,510,535.8325,2A,0.1326000000000249,0,-0.015537723530646974,,,,,
037,1,0,510,536.0671,5A,0.0657999999999674,0,0.436108776469353,,,,,
037,1,0,510,536.4321,9B,0.1009000000000241,0,0.14808902646935307,,,,,
037,1,0,510,538.3977,5B,0.1664000000000669,0,0.18018772646935308,,,,,
