ID,ExpertLevel,Complexity,30sTnterval,start_transition,Source,Target,Weight,trans_duration,head_rotation_amplitude,trans_amplitude,trans_velocity
037,1,0,210,215.5742,5B,9A,1,0.13170000000002346,3.8942115124237873,,
037,1,0,210,215.7396,9A,6A,1,0.09960000000000946,3.4730467819551905,,
037,1,0,210,216.4062,6A,2B,1,0.19939999999999714,5.679527272138605,,
037,1,0,210,216.9057,2B,2A,1,0.1880999999999915,5.162482827046421,,
037,1,0,210,218.5598,2A,7A,1,0.8241999999999905,24.415812028936887,,
037,1,0,210,219.8481,7A,5B,1,0.9331000000000245,31.438072707219618,,
037,1,0,210,221.9474,5B,5A,1,0.09990000000001942,2.214949055063494,,
037,1,0,210,222.2141,5A,8A,1,0.09999999999999432,0.6552108205746228,,
037,1,0,210,222.3475,8A,4B,1,0.6995000000000005,24.233138322299155,,
037,1,0,210,223.0802,4B,1A,1,0.300200000000018,8.092004679940917,,
037,1,0,210,223.7137,1A,5B,1,0.49970000000001846,42.03719811905977,,
037,1,0,210,224.2467,5B,6A,1,0.13249999999999318,8.785323233712244,,
037,1,0,210,224.7127,6A,3A,1,0.1998999999999853,7.392421547034651,,
037,1,0,210,225.1788,3A,3B,1,0.03340000000000032,0.17008978612773973,,
037,1,0,210,225.379,3B,9A,1,0.3336000000000183,9.453315554334086,,
037,1,0,210,225.7788,9A,5A,1,0.833500000000015,13.6579610295806,,
037,1,0,210,228.178,5A,7B,1,0.30000000000001137,8.069234391749799,,
037,1,0,210,228.6781,7B,7A,1,0.2663000000000011,1.5378935052654814,,
037,1,0,210,229.0115,7A,4B,1,0.03289999999998372,0.08641661229793485,,
037,1,0,210,231.4767,7A,5B,1,0.4329000000000178,27.20786072758256,,
037,1,0,210,231.9428,5B,2B,1,0.26679999999998927,6.3606607494791945,,
037,1,0,210,232.3761,2B,6A,1,0.16679999999999495,7.651129820497655,,
037,1,0,210,232.609,6A,3A,1,0.33339999999998327,14.036386601823772,,
037,1,0,210,233.1085,3A,3B,1,0.06720000000001392,0.9182801162379022,,
037,1,0,210,233.4759,3B,3A,1,0.6551000000000045,1.525684236321645,,
037,1,0,210,234.2303,3A,3B,1,0.2336999999999989,7.997287518560853,,
037,1,0,210,235.8298,2A,4B,1,0.1337000000000046,3.1283714499754183,,
037,1,0,210,237.7966,5A,5B,1,0.2004000000000019,4.753205269567054,,
037,1,0,210,238.0971,5B,9A,1,0.133199999999988,8.77853188975266,,
037,1,0,210,238.4288,9A,9B,1,0.034099999999995134,1.6380908458693622,,
037,1,0,210,238.596,9B,6B,1,0.06620000000000914,1.871656990261764,,
037,1,0,210,238.9285,6B,5B,1,0.699799999999982,37.90954702881078,,
