ID,ExpertLevel,Complexity,30sTnterval,start_transition,Source,Target,Weight,trans_duration,head_rotation_amplitude,trans_amplitude,trans_velocity
040,0,1,480,481.2899,PB,4B,1,0.2878000000000043,54.38884346264362,,
040,0,1,480,481.6042,4B,7A,1,0.05330000000003565,1.2176140915013107,,
040,0,1,480,485.0459,PB,4A,1,0.3211000000000013,62.52604701752451,,
040,0,1,480,485.447,4A,7A,1,0.05459999999999354,0.8728624490345851,,
040,0,1,480,485.6401,7A,4B,1,0.29189999999999827,2.8654359657329707,,
040,0,1,480,485.9664,4B,PB,1,0.49840000000000373,66.9679951461072,,
040,0,1,480,487.3188,PB,2A,1,0.3550999999999931,72.94963799069001,,
040,0,1,480,487.786,2A,2B,1,0.19959999999997535,0.16857789015571,,
040,0,1,480,488.2861,2B,5B,1,0.03220000000004575,1.0708673872388914,,
040,0,1,480,488.5526,5B,6A,1,0.06620000000003756,7.273285292695222,,
040,0,1,480,488.8189,6A,3A,1,0.19929999999999382,1.8719558211424125,,
040,0,1,480,489.3516,3A,6A,1,0.033599999999978536,0.07472501312781521,,
040,0,1,480,491.3956,6A,PB,1,0.5312000000000126,121.31993096701433,,
040,0,1,480,494.5397,PB,2B,1,0.5176999999999907,84.18237856544722,,
040,0,1,480,495.5501,2B,8B,1,0.06710000000003902,0.39054347023464686,,
040,0,1,480,495.6835,8B,5B,1,0.033299999999997,1.2802120172607587,,
040,0,1,480,495.8834,5B,8B,1,0.033299999999997,1.2308489269618388,,
040,0,1,480,496.0499,8B,5B,1,0.600400000000036,0.5335453637847642,,
040,0,1,480,496.8497,5B,4B,1,0.9666000000000281,26.376057577852748,,
040,0,1,480,497.983,4B,PB,1,0.19810000000001082,58.173682359144976,,
040,0,1,480,500.3799,PB,4B,1,0.32450000000000045,75.83654728555794,,
040,0,1,480,500.8156,4B,2A,1,0.05729999999999791,1.1759580051459082,,
040,0,1,480,501.2807,2A,PB,1,0.2308999999999628,64.353959315608,,
040,0,1,480,503.9675,PB,7A,1,0.28640000000001464,75.86087805794156,,
040,0,1,480,504.3396,7A,2A,1,0.026099999999985357,1.358484223769203,,
040,0,1,480,504.5356,2A,4B,1,0.05279999999999063,0.07026777075255097,,
040,0,1,480,504.8116,4B,4A,1,0.7662000000000262,8.30645956914175,,
040,0,1,480,505.8446,4A,4B,1,0.19909999999998718,0.7218359556230283,,
040,0,1,480,507.4105,4B,4A,1,0.13279999999997472,0.15354944852938246,,
040,0,1,480,508.71,4A,PB,1,0.19880000000000564,57.73340985523064,,
