GazeTargetObject,PercentLookedAt
PresentationBoard,54.41959088641277
none,26.73374355562947
Child_total,18.84666555795776
2A,3.1140861466821885
4B,2.7565275236986526
5B,1.920838183934808
7A,1.8085814069516049
2B,1.7171129220023285
4A,1.2930317645102278
1A,1.2431398636288042
7B,0.9978380176284716
1B,0.9687344087809746
6A,0.6943289539331449
5A,0.6693830034924331
8B,0.6319640778313653
9A,0.5280226176617329
8A,0.23282887077997672
3A,0.12888741061034426
9B,0.09978380176284717
6B,0.04157658406785299
