ID,condition,start_interval,start_transition,Source,Target,Weight,trans_duration,trans_amplitude,head_rotation,table_switched,row_switched
028,E,570,589.7017,PB,4A,1,0.3666000000000622,,,,
028,E,570,590.3219,4A,2A,1,0.023500000000012733,,,,
028,E,570,590.5972,2A,2B,1,0.06739999999990687,,,,
028,E,570,590.8972,2B,4B,1,0.1331000000000131,,,,
028,E,570,591.1302,4B,PB,1,0.9495000000000573,,,,
028,E,570,597.487,PB,1A,1,0.5153999999999996,,,,
028,E,570,598.561,1A,PB,1,0.33190000000001874,,,,
